0,1390,786,-2613
1,1379,773,-2628
2,1284,968,-2525
3,1285,1000,-2513
4,1284,811,-2685
5,1277,801,-2676
6,1441,879,-2500
7,1377,912,-2499
8,1291,993,-2509
9,1410,888,-2563
10,1284,822,-2680
11,1288,844,-2656
12,1299,938,-2594
13,1294,981,-2532
14,1280,910,-2621
15,1297,912,-2615
16,1430,847,-2551
17,1402,941,-2508
18,1293,802,-2680
19,1276,939,-2564
20,1280,983,-2512
21,1277,977,-2523
22,1289,933,-2546
23,1281,924,-2608
24,1297,955,-2544
25,1410,857,-2584
26,1296,975,-2529
27,1210,894,-2616
28,1156,904,-2582
29,1289,982,-2542
30,1323,826,-2598
31,1324,849,-2585
32,1293,997,-2510
33,1389,794,-2624
34,1418,845,-2621
35,1291,908,-2592
36,1297,845,-2667
37,1370,789,-2488
38,1284,897,-2582
39,1292,809,-2684
40,1313,842,-2457
41,1420,831,-2596
42,1413,786,-2625
43,1441,812,-2578
44,1295,794,-2653
45,1296,914,-2587
46,1283,825,-2647
47,1379,811,-2596
48,1294,847,-2662
49,1209,887,-2614
50,1428,896,-2517
51,1284,839,-2624
52,1294,951,-2518
53,1207,893,-2600
54,1299,961,-2548
55,1315,807,-2616
56,1284,933,-2550
57,1284,967,-2527
58,1400,934,-2511
59,1277,951,-2481
60,1279,916,-2566
61,1277,897,-2614
62,1304,811,-2613
63,1297,899,-2602
64,1297,945,-2585
65,1280,802,-2687
66,1284,812,-2663
67,1406,854,-2591
68,1303,879,-2572
69,1286,907,-2570
70,1210,963,-2533
71,1277,915,-2617
72,1299,1008,-2487
73,1288,833,-2626
74,1299,853,-2618
75,1291,829,-2652
76,1281,1011,-2501
77,1286,839,-2650
78,1218,921,-2588
79,1277,819,-2697
80,1294,791,-2663
81,1406,785,-2636
82,1416,836,-2581
83,1223,911,-2577
84,1288,883,-2607
85,1276,969,-2549
86,1278,827,-2606
87,1295,1006,-2521
88,1290,809,-2691
89,1308,974,-2486
90,1276,899,-2579
91,1297,854,-2620
92,1281,825,-2630
93,1279,797,-2710
94,1281,847,-2661
95,1293,787,-2703
96,1280,925,-2598
97,1373,818,-2469
98,1280,904,-2586
99,1290,996,-2511
100,1287,996,-2529
101,1388,767,-2644
102,1277,960,-2569
103,1288,945,-2595
104,1282,910,-2617
105,1281,1012,-2518
106,1424,872,-2562
107,1402,946,-2485
108,1356,818,-2461
109,1275,960,-2571
110,1215,897,-2621
111,1210,985,-2522
112,1424,787,-2626
113,1296,926,-2590
114,1297,871,-2637
115,1298,957,-2570
116,1292,836,-2621
117,1202,876,-2608
118,1397,831,-2552
119,1276,914,-2580
120,1275,1013,-2508
121,1210,888,-2609
122,1277,1012,-2503
123,1209,946,-2563
124,1167,947,-2565
125,1291,854,-2631
126,1207,935,-2569
127,1277,996,-2545
128,1295,923,-2595
129,1296,823,-2690
130,1288,953,-2524
131,1286,933,-2585
132,1287,949,-2560
133,1165,926,-2556
134,1443,872,-2528
135,1307,974,-2482
136,1281,942,-2590
137,1297,1019,-2501
138,1409,896,-2554
139,1414,852,-2555
140,1379,768,-2642
141,1306,761,-2635
142,1297,896,-2603
143,1279,913,-2546
144,1200,974,-2533
145,1278,847,-2668
146,1288,850,-2639
147,1291,941,-2526
148,1328,944,-2466
149,1291,909,-2572
150,1299,860,-2601
151,1293,827,-2646
152,1413,853,-2550
153,1288,817,-2657
154,1407,942,-2488
155,1280,1006,-2520
156,1286,912,-2607
157,1276,938,-2593
158,1234,912,-2552
159,1298,810,-2653
160,1292,902,-2585
161,1285,1018,-2519
162,1293,958,-2563
163,1296,911,-2587
164,1288,919,-2613
165,1409,783,-2645
166,1420,886,-2537
167,1415,844,-2615
168,1295,914,-2617
169,1438,904,-2494
170,1211,892,-2602
171,1284,965,-2482
172,1219,916,-2594
173,1281,805,-2698
174,1286,869,-2626
175,1289,772,-2557
176,1287,754,-2565
177,1409,956,-2491
178,1293,1022,-2517
179,1281,933,-2585
180,1294,916,-2622
181,1287,776,-2685
182,1296,920,-2574
183,1276,798,-2691
184,1430,812,-2597
185,1292,805,-2691
186,1288,878,-2610
187,1376,895,-2513
188,1289,925,-2592
189,1275,954,-2571
190,1403,828,-2590
191,1218,976,-2509
192,1350,797,-2488
193,1410,828,-2619
194,1297,846,-2653
195,1276,851,-2614
196,1439,914,-2498
197,1320,889,-2569
198,1275,941,-2559
199,1289,880,-2618
200,1291,852,-2605
201,1438,841,-2561
202,1284,885,-2618
203,1204,963,-2541
204,1387,815,-2589
205,1420,891,-2559
206,1294,1008,-2498
207,1157,911,-2591
208,1374,860,-2547
209,1293,875,-2624
210,1293,781,-2691
211,1299,948,-2554
212,1282,861,-2611
213,1283,837,-2650
214,1367,873,-2535
215,1297,1014,-2520
216,1294,799,-2691
217,1299,829,-2645
218,1436,858,-2535
219,1434,813,-2585
220,1295,906,-2609
221,1286,924,-2621
222,1412,932,-2514
223,1279,884,-2624
224,1300,894,-2555
225,1366,774,-2513
226,1174,931,-2555
227,1292,966,-2517
228,1277,913,-2619
229,1280,840,-2672
230,1284,973,-2570
231,1281,898,-2575
232,1297,823,-2659
233,1383,765,-2627
234,1421,928,-2520
235,1278,901,-2555
236,1375,804,-2587
237,1276,925,-2553
238,1298,953,-2568
239,1286,901,-2601
240,1286,785,-2652
241,1424,942,-2518
242,1425,873,-2527
243,1287,810,-2655
244,1293,918,-2584
245,1283,884,-2593
246,1285,799,-2703
247,1428,865,-2531
248,1282,809,-2671
249,1294,985,-2517
250,1414,855,-2594
251,1416,833,-2582
252,1307,828,-2474
253,1321,757,-2632
254,1422,928,-2487
255,1414,883,-2541
256,1282,973,-2556
257,1286,909,-2567
258,1423,851,-2577
259,1210,902,-2594
260,1296,840,-2633
261,1292,1001,-2501
262,1283,859,-2644
263,1307,977,-2462
264,1299,913,-2601
265,1287,1008,-2482
266,1379,872,-2536
267,1285,865,-2641
268,1414,950,-2480
269,1411,841,-2621
270,1404,857,-2576
271,1281,966,-2548
272,1444,876,-2512
273,1292,971,-2536
274,1286,1008,-2518
275,1424,878,-2536
276,1279,1007,-2499
277,1298,877,-2590
278,1290,901,-2600
279,1275,815,-2661
280,1282,810,-2635
281,1411,932,-2508
282,1247,932,-2528
283,1299,973,-2566
284,1294,841,-2643
285,1438,864,-2525
286,1437,856,-2544
287,1290,956,-2558
288,1219,823,-2669
289,1283,866,-2623
290,1296,826,-2646
291,1224,906,-2598
292,1403,876,-2556
293,1284,864,-2606
294,1308,802,-2613
295,1410,955,-2497
296,1296,915,-2596
297,1299,905,-2617
298,1209,889,-2602
299,1290,939,-2566
300,1275,934,-2539
301,1282,945,-2572
302,1418,850,-2589
303,1299,932,-2597
304,1276,991,-2548
305,1291,822,-2691
306,1287,823,-2668
307,1319,761,-2631
308,1298,855,-2590
309,1289,979,-2484
310,1296,904,-2551
311,1282,806,-2694
312,1441,809,-2599
313,1287,907,-2621
314,1403,779,-2631
315,1425,849,-2564
316,1160,914,-2578
317,1288,883,-2608
318,1294,918,-2570
319,1289,801,-2680
320,1282,819,-2651
321,1288,1002,-2500
322,1418,956,-2495
323,1275,771,-2568
324,1275,996,-2501
325,1276,781,-2657
326,1434,854,-2525
327,1280,844,-2666
328,1292,838,-2631
329,1279,983,-2542
330,1296,955,-2564
331,1298,956,-2514
332,1295,817,-2646
333,1280,937,-2571
334,1200,968,-2546
335,1294,924,-2592
336,1420,950,-2486
337,1278,963,-2559
338,1294,909,-2590
339,1403,831,-2622
340,1301,929,-2486
341,1296,787,-2655
342,1291,942,-2566
343,1162,913,-2595
344,1411,866,-2598
345,1228,938,-2540
346,1404,968,-2488
347,1442,843,-2555
348,1290,822,-2691
349,1298,825,-2627
350,1401,839,-2607
351,1323,823,-2617
352,1163,891,-2602
353,1397,868,-2532
354,1275,809,-2655
355,1287,1004,-2524
356,1289,994,-2532
357,1294,817,-2634
358,1276,983,-2542
359,1287,885,-2621
360,1304,960,-2489
361,1430,870,-2527
362,1207,915,-2578
363,1436,884,-2506
364,1294,819,-2655
365,1298,832,-2635
366,1163,937,-2564
367,1409,839,-2619
368,1291,937,-2513
369,1237,943,-2529
370,1244,911,-2561
371,1280,960,-2545
372,1296,863,-2605
373,1282,876,-2582
374,1429,845,-2553
375,1428,792,-2617
376,1275,906,-2604
377,1440,836,-2574
378,1299,980,-2527
379,1294,801,-2698
380,1304,971,-2476
381,1412,871,-2565
382,1285,889,-2576
383,1293,862,-2647
384,1291,881,-2577
385,1419,855,-2584
386,1284,915,-2564
387,1436,874,-2548
388,1321,982,-2461
389,1287,950,-2533
390,1286,992,-2536
391,1391,871,-2527
392,1295,1009,-2510
393,1164,915,-2582
394,1291,796,-2678
395,1413,882,-2557
396,1351,769,-2521
397,1429,878,-2514
398,1288,815,-2678
399,1409,812,-2614
400,1283,864,-2589
401,1200,819,-2650
402,1298,827,-2655
403,1295,927,-2589
404,1297,932,-2580
405,1292,914,-2592
406,1425,837,-2558
407,1287,1002,-2519
408,1401,851,-2599
409,1277,942,-2566
410,1292,833,-2650
411,1289,957,-2500
412,1275,833,-2656
413,1282,946,-2580
414,1286,959,-2509
415,1322,812,-2620
416,1291,994,-2538
417,1292,796,-2699
418,1301,843,-2590
419,1283,962,-2564
420,1287,835,-2634
421,1294,918,-2616
422,1275,910,-2602
423,1298,942,-2541
424,1434,832,-2566
425,1299,823,-2691
426,1276,863,-2580
427,1211,978,-2507
428,1288,957,-2514
429,1284,776,-2679
430,1212,952,-2537
431,1296,1010,-2482
432,1288,1004,-2517
433,1276,942,-2551
434,1286,931,-2551
435,1281,997,-2539
436,1293,867,-2620
437,1288,942,-2582
438,1377,844,-2559
439,1277,939,-2578
440,1205,884,-2622
441,1407,815,-2617
442,1293,787,-2699
443,1288,952,-2568
444,1302,829,-2580
445,1306,974,-2499
446,1380,789,-2499
447,1301,947,-2513
448,1275,850,-2648
449,1312,808,-2604
450,1298,840,-2671
451,1288,832,-2658
452,1294,816,-2694
453,1310,815,-2619
454,1220,902,-2567
455,1290,916,-2565
456,1285,861,-2649
457,1236,871,-2612
458,1282,809,-2662
459,1287,957,-2536
460,1300,979,-2470
461,1434,843,-2555
462,1285,821,-2686
463,1282,959,-2567
464,1283,808,-2683
465,1294,900,-2603
466,1277,842,-2668
467,1293,810,-2678
468,1286,974,-2552
469,1401,955,-2479
470,1289,933,-2546
471,1278,794,-2701
472,1408,875,-2525
473,1445,825,-2574
474,1276,869,-2614
475,1279,966,-2547
476,1291,795,-2678
477,1401,896,-2545
478,1290,933,-2584
479,1292,906,-2552
480,1285,951,-2558
481,1288,1004,-2503
482,1294,864,-2648
483,1406,802,-2607
484,1290,915,-2617
485,1280,920,-2624
486,1410,852,-2553
487,1418,935,-2516
488,1436,839,-2570
489,1208,885,-2600
490,1277,863,-2645
491,1299,900,-2620
492,1302,817,-2609
493,1298,962,-2559
494,1294,883,-2576
495,1275,979,-2535
496,1294,786,-2701
497,1385,850,-2515
498,1283,970,-2560
499,1281,803,-2691
500,1297,1002,-2524
501,1281,860,-2633
502,1426,918,-2489
503,1357,882,-2502
504,1283,921,-2566
505,1291,826,-2638
506,1287,784,-2702
507,1281,1003,-2479
508,1318,833,-2457
509,1298,887,-2605
510,1413,942,-2521
511,1299,921,-2593
512,1290,947,-2587
513,1415,826,-2603
514,1288,928,-2584
515,1296,968,-2561
516,1376,789,-2616
517,1296,1016,-2494
518,1299,971,-2488
519,1287,852,-2637
520,1381,792,-2619
521,1282,848,-2659
522,1298,955,-2572
523,1295,820,-2658
524,1202,878,-2621
525,1289,820,-2686
526,1280,795,-2668
527,1281,932,-2530
528,1210,957,-2528
529,1387,764,-2631
530,1313,962,-2464
531,1294,862,-2619
532,1290,936,-2565
533,1422,887,-2539
534,1419,786,-2632
535,1279,895,-2612
536,1276,911,-2568
537,1448,826,-2574
538,1297,957,-2512
539,1201,894,-2618
540,1283,994,-2534
541,1297,940,-2599
542,1301,839,-2592
543,1400,926,-2516
544,1299,825,-2648
545,1294,861,-2630
546,1298,776,-2680
547,1444,839,-2554
548,1275,977,-2491
549,1278,985,-2521
550,1297,972,-2538
551,1298,966,-2569
552,1277,1013,-2510
553,1156,888,-2609
554,1280,805,-2643
555,1157,893,-2603
556,1419,855,-2587
557,1286,982,-2532
558,1391,898,-2521
559,1386,797,-2617
560,1412,949,-2488
561,1283,808,-2686
562,1408,878,-2556
563,1290,935,-2562
564,1281,789,-2700
565,1297,1021,-2506
566,1391,890,-2515
567,1223,884,-2591
568,1444,880,-2513
569,1167,914,-2557
570,1296,939,-2580
571,1436,836,-2574
572,1294,884,-2572
573,1412,943,-2499
574,1422,895,-2539
575,1318,941,-2506
576,1433,878,-2515
577,1387,838,-2558
578,1298,853,-2629
579,1363,850,-2544
580,1200,887,-2620
581,1295,947,-2579
582,1307,895,-2555
583,1278,937,-2583
584,1437,812,-2601
585,1454,839,-2607
586,1324,983,-2550
587,1260,902,-2570
588,1233,881,-2633
589,1296,877,-2631
590,1210,1006,-2566
591,1214,876,-2655
592,1268,775,-2676
593,1329,972,-2515
594,1245,1023,-2584
595,1200,847,-2668
596,1443,845,-2621
597,1237,994,-2539
598,1423,843,-2638
599,1320,809,-2699
600,1208,828,-2679
601,1382,777,-2635
602,1260,967,-2534
603,1452,878,-2621
604,1202,857,-2669
605,1379,855,-2604
606,1315,786,-2632
607,1374,1004,-2515
608,1309,822,-2673
609,1395,964,-2534
610,1337,960,-2530
611,1304,1009,-2506
612,1437,841,-2665
613,1269,799,-2687
614,1317,867,-2626
615,1258,815,-2654
616,1310,920,-2607
617,1393,990,-2559
618,1351,790,-2616
619,1242,865,-2648
620,1254,932,-2577
621,1191,954,-2559
622,1269,837,-2648
623,1241,1015,-2569
624,1366,806,-2629
625,1400,924,-2566
626,1397,920,-2543
627,1323,913,-2552
628,1385,909,-2534
629,1377,871,-2625
630,1428,933,-2573
631,1227,866,-2662
632,1356,926,-2576
633,1192,915,-2633
634,1276,835,-2723
635,1254,940,-2562
636,1381,971,-2541
637,1229,817,-2695
638,1227,958,-2563
639,1363,940,-2486
640,1387,952,-2486
641,1312,958,-2541
642,1351,826,-2618
643,1395,843,-2604
644,1237,886,-2672
645,1213,903,-2634
646,1276,968,-2597
647,1269,818,-2680
648,1205,902,-2612
649,1168,885,-2648
650,1245,935,-2576
651,1335,960,-2452
652,1421,952,-2566
653,1248,995,-2586
654,1174,957,-2550
655,1309,1020,-2495
656,1429,873,-2591
657,1410,872,-2655
658,1465,906,-2546
659,1168,929,-2633
660,1372,939,-2576
661,1380,826,-2627
662,1374,1002,-2542
663,1252,931,-2581
664,1377,970,-2567
665,1399,968,-2599
666,1292,1041,-2541
667,1209,831,-2685
668,1352,940,-2523
669,1433,825,-2594
670,1419,946,-2551
671,1422,1007,-2547
672,1347,865,-2605
673,1271,981,-2543
674,1296,897,-2640
675,1282,881,-2639
676,1381,802,-2650
677,1399,961,-2560
678,1287,965,-2591
679,1404,809,-2643
680,1460,874,-2619
681,1242,809,-2676
682,1428,833,-2601
683,1270,983,-2490
684,1208,991,-2528
685,1364,975,-2529
686,1377,795,-2653
687,1240,850,-2722
688,1246,904,-2586
689,1450,927,-2519
690,1184,888,-2657
691,1299,868,-2654
692,1390,957,-2538
693,1323,977,-2533
694,1448,897,-2546
695,1202,836,-2675
696,1267,963,-2539
697,1264,1001,-2506
698,1365,768,-2657
699,1323,1022,-2546
700,1234,860,-2640
701,1264,861,-2602
702,1271,876,-2569
703,1334,803,-2622
704,1359,978,-2535
705,1337,772,-2662
706,1367,934,-2543
707,1230,1011,-2538
708,1230,842,-2702
709,1413,920,-2620
710,1408,856,-2644
711,1219,859,-2665
712,1391,960,-2510
713,1346,825,-2586
714,1309,876,-2587
715,1395,815,-2612
716,1237,836,-2704
717,1312,995,-2511
718,1470,920,-2584
719,1173,964,-2571
720,1356,1019,-2519
721,1425,864,-2556
722,1164,919,-2641
723,1358,980,-2524
724,1331,996,-2503
725,1382,946,-2573
726,1373,819,-2644
727,1420,930,-2554
728,1231,968,-2578
729,1335,928,-2569
730,1372,861,-2611
731,1300,875,-2578
732,1284,803,-2700
733,1329,796,-2634
734,1404,991,-2562
735,1436,832,-2636
736,1207,879,-2679
737,1307,783,-2699
738,1238,911,-2665
739,1363,960,-2484
740,1239,904,-2587
741,1306,854,-2622
742,1206,910,-2640
743,1304,908,-2617
744,1403,877,-2661
745,1253,980,-2532
746,1317,886,-2621
747,1438,867,-2587
748,1267,961,-2525
749,1324,933,-2559
750,1349,989,-2537
751,1280,1032,-2525
752,1273,976,-2517
753,1318,989,-2534
754,1315,1002,-2473
755,1265,894,-2585
756,1460,866,-2580
757,1257,993,-2515
758,1311,985,-2499
759,1250,985,-2514
760,1398,941,-2527
761,1318,923,-2624
762,1438,888,-2528
763,1462,844,-2581
764,1324,882,-2610
765,1386,844,-2628
766,1305,995,-2478
767,1193,868,-2669
768,1271,986,-2532
769,1298,883,-2675
770,1300,951,-2508
771,1203,936,-2641
772,1411,876,-2617
773,1426,836,-2576
774,1336,778,-2615
775,1276,932,-2623
776,1234,841,-2691
777,1365,1013,-2521
778,1193,874,-2661
779,1411,932,-2593
780,1419,883,-2593
781,1415,952,-2566
782,1438,919,-2509
783,1319,937,-2553
784,1433,871,-2598
785,1377,996,-2560
786,1311,784,-2683
787,1247,1012,-2541
788,1248,974,-2565
789,1332,800,-2605
790,1219,881,-2684
791,1446,838,-2595
792,1342,894,-2557
793,1437,965,-2554
794,1395,934,-2540
795,1310,958,-2520
796,1409,981,-2543
797,1327,903,-2536
798,1318,819,-2642
799,1399,883,-2548
800,1364,898,-2558
801,1360,850,-2609
802,1310,895,-2645
803,1203,948,-2589
804,1280,980,-2583
805,1310,977,-2558
806,1204,987,-2571
807,1431,915,-2525
808,1227,855,-2646
809,1435,820,-2648
810,1383,946,-2527
811,1327,978,-2539
812,1334,995,-2507
813,1220,895,-2662
814,1230,916,-2577
815,1258,918,-2622
816,1339,871,-2575
817,1401,974,-2565
818,1206,998,-2547
819,1271,993,-2473
820,1355,985,-2466
821,1269,979,-2519
822,1275,991,-2573
823,1274,943,-2477
824,1283,844,-2684
825,1348,977,-2523
826,1213,905,-2607
827,1397,844,-2615
828,1310,909,-2575
829,1423,959,-2570
830,1432,844,-2576
831,1381,844,-2598
832,1288,1026,-2507
833,1357,947,-2579
834,1206,883,-2655
835,1320,833,-2609
836,1406,972,-2553
837,1185,962,-2592
838,1324,862,-2611
839,1239,925,-2566
840,1334,857,-2594
841,1272,954,-2541
842,1383,983,-2511
843,1243,825,-2654
844,1384,1020,-2523
845,1258,962,-2551
846,1249,900,-2606
847,1274,797,-2694
848,1444,835,-2593
849,1309,949,-2606
850,1403,947,-2538
851,1269,847,-2609
852,1413,914,-2579
853,1416,934,-2591
854,1406,847,-2636
855,1237,911,-2618
856,1359,952,-2457
857,1430,892,-2540
858,1235,917,-2624
859,1366,972,-2574
860,1252,832,-2664
861,1208,913,-2637
862,1467,931,-2562
863,1245,1007,-2508
864,1372,918,-2591
865,1319,840,-2650
866,1359,818,-2615
867,1360,786,-2647
868,1366,826,-2599
869,1444,870,-2553
870,1456,846,-2553
871,1203,951,-2563
872,1178,926,-2605
873,1306,980,-2526
874,1201,948,-2615
875,1277,823,-2719
876,1325,759,-2637
877,1412,911,-2550
878,1251,994,-2522
879,1318,800,-2634
880,1405,944,-2566
881,1322,834,-2633
882,1453,914,-2540
883,1177,922,-2641
884,1313,898,-2633
885,1341,760,-2628
886,1389,842,-2585
887,1234,850,-2715
888,1374,768,-2668
889,1228,812,-2652
890,1387,933,-2581
891,1229,876,-2666
892,1348,878,-2574
893,1458,905,-2578
894,1263,961,-2540
895,1264,978,-2515
896,1227,969,-2532
897,1285,823,-2711
898,1271,915,-2539
899,1365,857,-2597
900,1346,792,-2637
901,1375,818,-2630
902,1250,828,-2645
903,1424,934,-2540
904,1194,910,-2648
905,1401,793,-2679
906,1315,998,-2581
907,1416,866,-2607
908,1319,776,-2685
909,1280,855,-2657
910,1388,924,-2559
911,1188,943,-2590
912,1392,847,-2615
913,1401,974,-2515
914,1332,835,-2613
915,1412,820,-2650
916,1343,888,-2576
917,1406,884,-2597
918,1390,1008,-2507
919,1361,942,-2580
920,1160,919,-2607
921,1310,782,-2626
922,1316,865,-2647
923,1286,887,-2658
924,1406,825,-2626
925,1245,819,-2650
926,1420,869,-2627
927,1439,847,-2653
928,1449,930,-2565
929,1222,887,-2643
930,1321,872,-2613
931,1228,948,-2607
932,1321,972,-2540
933,1222,829,-2694
934,1338,854,-2576
935,1434,852,-2568
936,1364,883,-2610
937,1259,931,-2617
938,1360,902,-2551
939,1376,821,-2668
940,1321,856,-2646
941,1353,838,-2600
942,1266,1004,-2504
943,1442,826,-2594
944,1351,931,-2567
945,1241,1008,-2530
946,1331,756,-2639
947,1233,845,-2706
948,1288,884,-2654
949,1306,961,-2577
950,1340,903,-2584
951,1315,994,-2548
952,1401,912,-2614
953,1185,897,-2651
954,1444,860,-2597
955,1252,918,-2606
956,1202,926,-2586
957,1192,929,-2582
958,1417,879,-2577
959,1440,874,-2633
960,1375,980,-2530
961,1259,962,-2500
962,1416,946,-2566
963,1267,837,-2665
964,1412,934,-2555
965,1240,1000,-2499
966,1439,861,-2578
967,1272,926,-2597
968,1316,767,-2662
969,1389,1006,-2514
970,1381,966,-2504
971,1246,975,-2528
972,1208,960,-2558
973,1246,930,-2609
974,1395,952,-2561
975,1258,911,-2608
976,1360,956,-2542
977,1396,913,-2598
978,1429,940,-2506
979,1368,968,-2510
980,1412,796,-2651
981,1275,824,-2723
982,1379,976,-2536
983,1465,843,-2601
984,1227,833,-2705
985,1473,898,-2581
986,1388,821,-2686
987,1383,850,-2589
988,1414,999,-2538
989,1391,875,-2570
990,1329,799,-2638
991,1239,893,-2623
992,1420,944,-2596
993,1241,853,-2706
994,1399,908,-2575
995,1244,924,-2610
996,1163,934,-2614
997,1355,945,-2559
998,1212,895,-2664
999,1217,858,-2708
1000,1421,925,-2569
1001,1376,897,-2588
1002,1422,954,-2528
1003,1319,775,-2633
1004,1189,858,-2664
1005,1263,962,-2590
1006,1339,785,-2636
1007,1335,795,-2650
1008,1215,967,-2589
1009,1339,958,-2522
1010,1423,867,-2627
1011,1264,892,-2623
1012,1221,983,-2541
1013,1243,863,-2696
1014,1210,942,-2639
1015,1282,886,-2645
1016,1392,924,-2589
1017,1284,859,-2671
1018,1257,892,-2594
1019,1265,841,-2653
1020,1384,899,-2619
1021,1394,976,-2540
1022,1263,935,-2549
1023,1397,843,-2646
1024,1319,771,-2683
1025,1191,858,-2684
1026,1253,976,-2497
1027,1226,922,-2621
1028,1193,924,-2630
1029,1281,885,-2669
1030,1427,908,-2541
1031,1189,926,-2550
1032,1325,903,-2536
1033,1230,851,-2673
1034,1269,853,-2633
1035,1306,1019,-2503
1036,1376,908,-2609
1037,1251,884,-2573
1038,1343,963,-2548
1039,1414,849,-2669
1040,1303,961,-2554
1041,1236,813,-2683
1042,1293,802,-2714
1043,1425,898,-2578
1044,1240,969,-2584
1045,1370,850,-2619
1046,1230,1016,-2592
1047,1315,973,-2587
1048,1368,969,-2546
1049,1433,970,-2527
1050,1378,973,-2519
1051,1266,955,-2488
1052,1201,955,-2612
1053,1380,915,-2538
1054,1362,794,-2640
1055,1324,989,-2545
1056,1316,852,-2639
1057,1439,848,-2634
1058,1208,915,-2635
1059,1362,976,-2474
1060,1355,1012,-2513
1061,1267,787,-2686
1062,1295,1012,-2567
1063,1237,998,-2567
1064,1397,957,-2530
1065,1229,943,-2556
1066,1247,981,-2532
1067,1201,996,-2614
1068,1305,794,-2696
1069,1235,964,-2550
1070,1226,1000,-2573
1071,1258,789,-2667
1072,1291,1027,-2530
1073,1317,955,-2562
1074,1368,1000,-2520
1075,1335,980,-2515
1076,1246,992,-2542
1077,1366,933,-2478
1078,1326,962,-2537
1079,1270,902,-2606
1080,1314,905,-2579
1081,1182,900,-2643
1082,1441,924,-2522
1083,1171,906,-2609
1084,1185,877,-2663
1085,1216,832,-2700
1086,1445,881,-2605
1087,1379,854,-2604
1088,1376,936,-2579
1089,1335,999,-2544
1090,1382,995,-2495
1091,1311,808,-2685
1092,1371,869,-2558
1093,1314,874,-2603
1094,1265,817,-2661
1095,1358,902,-2593
1096,1319,972,-2531
1097,1312,775,-2650
1098,1387,899,-2552
1099,1252,976,-2541
1100,1409,919,-2583
1101,1290,1043,-2541
1102,1369,960,-2567
1103,1333,857,-2602
1104,1190,972,-2569
1105,1385,840,-2612
1106,1287,826,-2698
1107,1446,873,-2589
1108,1205,911,-2601
1109,1437,892,-2567
1110,1350,939,-2538
1111,1295,964,-2594
1112,1439,826,-2657
1113,1332,869,-2587
1114,1403,932,-2563
1115,1313,785,-2701
1116,1287,846,-2709
1117,1376,937,-2552
1118,1320,786,-2655
1119,1225,977,-2591
1120,1317,959,-2558
1121,1260,824,-2677
1122,1443,905,-2526
1123,1319,954,-2550
1124,1225,975,-2614
1125,1230,949,-2570
1126,1267,940,-2546
1127,1247,945,-2627
1128,1429,845,-2644
1129,1227,890,-2647
1130,1271,832,-2652
1131,1335,777,-2632
1132,1316,772,-2670
1133,1431,868,-2624
1134,1222,977,-2579
1135,1384,820,-2650
1136,1358,888,-2597
1137,1202,898,-2639
1138,1304,793,-2690
1139,1437,815,-2605
1140,1400,895,-2583
1141,1330,819,-2640
1142,1446,810,-2604
1143,1321,898,-2622
1144,1386,811,-2632
1145,1455,884,-2591
1146,1250,860,-2643
1147,1418,936,-2567
1148,1319,1008,-2492
1149,1190,962,-2594
1150,1402,943,-2558
1151,1237,951,-2571
1152,1207,836,-2674
1153,1302,990,-2479
1154,1332,763,-2641
1155,1460,924,-2587
1156,1248,917,-2620
1157,1396,884,-2543
1158,1377,998,-2538
1159,1306,800,-2625
1160,1445,914,-2551
1161,1397,895,-2603
1162,1317,875,-2604
1163,1453,929,-2520
1164,1438,925,-2574
1165,1329,959,-2531
1166,1245,895,-2640
1167,1200,860,-2656
1168,1452,838,-2642
1169,1367,963,-2548
1170,1231,1018,-2561
1171,1230,1022,-2561
1172,1392,830,-2603
1173,1315,837,-2651
1174,1238,914,-2629
1175,1217,918,-2667
1176,1215,851,-2672
1177,1379,868,-2674
1178,1330,795,-2638
1179,1329,788,-2645
1180,1186,911,-2634
1181,1256,981,-2481
1182,1249,880,-2649
1183,1233,888,-2635
1184,1220,979,-2561
1185,1429,868,-2596
1186,1265,913,-2598
1187,1216,1002,-2570
1188,1166,933,-2591
1189,1327,805,-2591
1190,1259,892,-2604
1191,1362,922,-2557
1192,1353,975,-2497
1193,1458,839,-2596
1194,1430,805,-2633
1195,1393,904,-2615
1196,1386,964,-2479
1197,1327,784,-2643
1198,1307,990,-2546
1199,1254,933,-2595
1200,1381,972,-2563
1201,1323,824,-2687
1202,1408,890,-2618
1203,1262,982,-2516
1204,1375,993,-2543
1205,1364,880,-2555
1206,1359,955,-2513
1207,1390,794,-2651
1208,1360,871,-2603
1209,1229,862,-2656
1210,1361,893,-2562
1211,1348,953,-2531
1212,1409,847,-2674
1213,1231,953,-2597
1214,1251,854,-2590
1215,1271,827,-2651
1216,1429,829,-2663
1217,1372,977,-2493
1218,1331,844,-2580
1219,1309,814,-2635
1220,1461,914,-2578
1221,1350,861,-2621
1222,1255,972,-2586
1223,1248,894,-2634
1224,1405,994,-2548
1225,1356,824,-2622
1226,1409,1003,-2530
1227,1393,890,-2592
1228,1239,956,-2610
1229,1393,886,-2559
1230,1290,812,-2722
1231,1262,854,-2644
1232,1405,999,-2514
1233,1439,894,-2590
1234,1312,1007,-2523
1235,1411,901,-2570
1236,1284,898,-2641
1237,1369,906,-2565
1238,1181,934,-2624
1239,1377,848,-2592
1240,1435,875,-2556
1241,1305,952,-2566
1242,1270,1010,-2500
1243,1202,888,-2664
1244,1383,879,-2567
1245,1338,759,-2670
1246,1358,878,-2572
1247,1256,997,-2516
1248,1263,898,-2622
1249,1448,830,-2588
1250,1307,841,-2609
1251,1323,961,-2527
1252,1210,938,-2581
1253,1303,799,-2672
1254,1460,948,-2565
1255,1306,933,-2601
1256,1260,999,-2485
1257,1304,919,-2592
1258,1383,823,-2639
1259,1426,899,-2545
1260,1223,874,-2706
1261,1272,927,-2577
1262,1321,964,-2618
1263,1211,920,-2600
1264,1238,907,-2632
1265,1412,817,-2685
1266,1384,862,-2644
1267,1200,936,-2607
1268,1235,855,-2637
1269,1320,895,-2600
1270,1375,831,-2621
1271,1351,965,-2480
1272,1456,876,-2583
1273,1425,828,-2634
1274,1239,986,-2553
1275,1402,911,-2609
1276,1221,885,-2655
1277,1412,908,-2540
1278,1215,908,-2640
1279,1317,778,-2690
1280,1179,938,-2591
1281,1389,794,-2646
1282,1386,879,-2593
1283,1210,944,-2623
1284,1367,894,-2552
1285,1182,900,-2615
1286,1361,829,-2596
1287,1423,861,-2629
1288,1322,838,-2646
1289,1219,903,-2666
1290,1323,816,-2668
1291,1322,933,-2532
1292,1403,969,-2525
1293,1342,872,-2612
1294,1286,1019,-2527
1295,1253,833,-2627
1296,1166,910,-2614
1297,1352,993,-2528
1298,1391,876,-2552
1299,1267,942,-2565
1300,1336,985,-2471
1301,1387,889,-2559
1302,1354,937,-2581
1303,1433,835,-2603
1304,1255,843,-2628
1305,1427,908,-2595
1306,1199,871,-2684
1307,1281,864,-2663
1308,1231,872,-2720
1309,1403,905,-2571
1310,1321,824,-2685
1311,1250,974,-2518
1312,1380,777,-2634
1313,1416,972,-2502
1314,1267,924,-2554
1315,1378,938,-2549
1316,1293,966,-2590
1317,1461,836,-2596
1318,1338,889,-2531
1319,1197,901,-2612
1320,1372,929,-2527
1321,1200,980,-2551
1322,1199,873,-2678
1323,1343,909,-2534
1324,1273,918,-2581
1325,1303,955,-2526
1326,1459,912,-2563
1327,1240,916,-2623
1328,1299,883,-2650
1329,1398,932,-2528
1330,1280,806,-2705
1331,1345,760,-2633
1332,1402,878,-2612
1333,1368,946,-2508
1334,1273,989,-2549
1335,1328,769,-2668
1336,1250,981,-2543
1337,1302,951,-2553
1338,1435,950,-2525
1339,1261,793,-2663
1340,1336,882,-2581
1341,1274,917,-2580
1342,1324,875,-2633
1343,1397,813,-2641
1344,1322,804,-2678
1345,1454,941,-2527
1346,1436,819,-2644
1347,1345,996,-2485
1348,1446,857,-2550
1349,1366,880,-2594
1350,1227,940,-2634
1351,1243,965,-2578
1352,1221,841,-2676
1353,1361,995,-2482
1354,1268,873,-2614
1355,1252,950,-2531
1356,1377,845,-2663
1357,1235,899,-2634
1358,1269,996,-2544
1359,1274,861,-2637
1360,1316,1017,-2502
1361,1322,780,-2641
1362,1410,984,-2502
1363,1205,920,-2631
1364,1357,856,-2557
1365,1398,976,-2540
1366,1321,969,-2572
1367,1337,821,-2612
1368,1244,843,-2705
1369,1294,1025,-2547
1370,1347,863,-2622
1371,1268,945,-2559
1372,1257,886,-2590
1373,1195,933,-2620
1374,1252,874,-2630
1375,1446,860,-2555
1376,1355,932,-2521
1377,1235,927,-2575
1378,1417,829,-2644
1379,1209,968,-2587
1380,1308,960,-2527
1381,1257,1015,-2512
1382,1195,878,-2661
1383,1445,914,-2573
1384,1328,759,-2671
1385,1405,911,-2535
1386,1194,904,-2642
1387,1229,874,-2664
1388,1262,940,-2584
1389,1354,887,-2592
1390,1426,884,-2530
1391,1396,991,-2541
1392,1285,896,-2650
1393,1440,842,-2668
1394,1241,916,-2604
1395,1212,867,-2697
1396,1376,785,-2629
1397,1373,780,-2646
1398,1197,986,-2564
1399,1315,809,-2652
1400,1426,963,-2543
1401,1352,953,-2529
1402,1227,931,-2591
1403,1201,882,-2630
1404,1290,1035,-2521
1405,1421,828,-2625
1406,1221,891,-2686
1407,1328,849,-2605
1408,1250,973,-2544
1409,1215,936,-2584
1410,1215,980,-2548
1411,1451,818,-2563
1412,1269,905,-2587
1413,1345,875,-2594
1414,1365,865,-2550
1415,1230,834,-2689
1416,1399,848,-2626
1417,1451,948,-2559
1418,1342,801,-2638
1419,1247,921,-2619
1420,1338,858,-2611
1421,1319,996,-2565
1422,1211,856,-2679
1423,1358,767,-2662
1424,1412,921,-2535
1425,1211,906,-2634
1426,1371,986,-2475
1427,1238,914,-2655
1428,1381,929,-2565
1429,1221,951,-2582
1430,1267,798,-2655
1431,1246,1024,-2558
1432,1409,941,-2552
1433,1231,888,-2670
1434,1246,869,-2698
1435,1367,924,-2598
1436,1410,950,-2515
1437,1178,932,-2620
1438,1444,903,-2503
1439,1180,947,-2607
1440,1393,802,-2653
1441,1345,983,-2502
1442,1243,922,-2657
1443,1224,973,-2591
1444,1452,903,-2563
1445,1352,958,-2520
1446,1231,860,-2714
1447,1299,877,-2648
1448,1231,952,-2538
1449,1389,925,-2497
1450,1384,911,-2587
1451,1415,861,-2622
1452,1349,776,-2605
1453,1246,838,-2673
1454,1444,917,-2526
1455,1306,884,-2584
1456,1365,886,-2575
1457,1194,974,-2571
1458,1363,980,-2503
1459,1210,953,-2587
1460,1434,895,-2594
1461,1334,982,-2523
1462,1263,978,-2500
1463,1255,951,-2586
1464,1404,980,-2568
1465,1363,866,-2604
1466,1439,930,-2549
1467,1306,817,-2655
1468,1328,758,-2659
1469,1344,857,-2591
1470,1159,928,-2602
1471,1228,934,-2587
1472,1357,975,-2466
1473,1406,958,-2503
1474,1284,801,-2705
1475,1215,948,-2643
1476,1309,975,-2501
1477,1444,958,-2534
1478,1316,1035,-2515
1479,1433,864,-2619
1480,1313,921,-2595
1481,1243,924,-2648
1482,1210,959,-2581
1483,1381,981,-2523
1484,1315,807,-2673
1485,1387,904,-2606
1486,1164,938,-2617
1487,1273,957,-2565
1488,1214,938,-2595
1489,1409,894,-2601
1490,1224,851,-2668
1491,1255,997,-2543
1492,1244,866,-2696
1493,1320,922,-2576
1494,1328,981,-2493
1495,1401,921,-2546
1496,1354,992,-2523
1497,1373,837,-2613
1498,1392,919,-2584
1499,1310,835,-2625
1500,1303,854,-2590
1501,1250,878,-2614
1502,1303,974,-2550
1503,1228,1023,-2594
1504,1421,978,-2574
1505,1366,955,-2540
1506,1224,902,-2632
1507,1234,887,-2667
1508,1327,983,-2466
1509,1394,788,-2671
1510,1232,975,-2529
1511,1239,989,-2577
1512,1252,930,-2590
1513,1424,976,-2522
1514,1272,973,-2575
1515,1345,834,-2584
1516,1378,820,-2600
1517,1176,937,-2565
1518,1421,835,-2640
1519,1350,760,-2655
1520,1381,988,-2540
1521,1365,985,-2504
1522,1385,860,-2591
1523,1406,927,-2552
1524,1216,892,-2674
1525,1314,874,-2629
1526,1452,940,-2545
1527,1256,806,-2674
1528,1379,900,-2591
1529,1412,874,-2605
1530,1209,927,-2639
1531,1237,905,-2621
1532,1211,922,-2602
1533,1412,857,-2631
1534,1234,887,-2682
1535,1249,1004,-2549
1536,1424,892,-2586
1537,1461,916,-2536
1538,1345,776,-2620
1539,1314,843,-2606
1540,1437,871,-2563
1541,1261,832,-2654
1542,1266,807,-2639
1543,1205,938,-2611
1544,1235,1000,-2514
1545,1378,987,-2492
1546,1248,1014,-2516
1547,1212,1005,-2564
1548,1396,903,-2590
1549,1387,949,-2561
1550,1391,992,-2530
1551,1394,859,-2611
1552,1310,825,-2640
1553,1355,885,-2568
1554,1401,989,-2521
1555,1226,815,-2679
1556,1428,940,-2511
1557,1452,884,-2537
1558,1258,959,-2554
1559,1439,923,-2539
1560,1309,939,-2611
1561,1201,898,-2704
1562,1343,858,-2607
1563,1410,940,-2556
1564,1239,931,-2612
1565,1188,929,-2612
1566,1360,966,-2524
1567,1211,870,-2657
1568,1340,845,-2604
1569,1381,1007,-2512
1570,1397,934,-2512
1571,1315,796,-2683
1572,1220,954,-2589
1573,1380,874,-2623
1574,1367,946,-2518
1575,1236,896,-2646
1576,1312,1003,-2533
1577,1429,821,-2607
1578,1432,845,-2608
1579,1315,834,-2629
1580,1440,880,-2589
1581,1439,890,-2528
1582,1267,791,-2703
1583,1415,884,-2579
1584,1271,937,-2597
1585,1274,896,-2606
1586,1271,964,-2492
1587,1361,946,-2558
1588,1380,975,-2493
1589,1348,984,-2479
1590,1355,958,-2518
1591,1226,929,-2569
1592,1260,955,-2506
1593,1425,940,-2527
1594,1306,781,-2699
1595,1204,980,-2567
1596,1369,888,-2571
1597,1400,898,-2644
1598,1427,913,-2577
1599,1360,925,-2552
1600,1252,826,-2651
1601,1324,992,-2566
1602,1440,863,-2603
1603,1364,819,-2648
1604,1340,757,-2657
1605,1289,972,-2619
1606,1342,924,-2533
1607,1219,908,-2692
1608,1319,819,-2662
1609,1371,815,-2597
1610,1373,935,-2568
1611,1367,781,-2641
1612,1437,904,-2542
1613,1233,875,-2687
1614,1233,866,-2652
1615,1442,831,-2575
1616,1338,779,-2634
1617,1266,988,-2547
1618,1230,944,-2589
1619,1201,971,-2603
1620,1269,914,-2610
1621,1340,947,-2562
1622,1324,832,-2664
1623,1236,918,-2599
1624,1433,911,-2568
1625,1302,925,-2547
1626,1457,838,-2587
1627,1311,882,-2619
1628,1386,815,-2600
1629,1315,803,-2658
1630,1419,958,-2542
1631,1439,963,-2525
1632,1177,960,-2577
1633,1341,850,-2613
1634,1337,914,-2582
1635,1270,915,-2607
1636,1349,809,-2606
1637,1386,901,-2579
1638,1462,878,-2604
1639,1300,981,-2543
1640,1336,985,-2532
1641,1250,895,-2624
1642,1246,895,-2679
1643,1220,971,-2600
1644,1255,839,-2643
1645,1318,845,-2608
1646,1201,888,-2637
1647,1233,853,-2712
1648,1225,876,-2614
1649,1392,984,-2506
1650,1430,918,-2569
1651,1409,908,-2589
1652,1370,814,-2603
1653,1316,878,-2600
1654,1208,862,-2701
1655,1375,998,-2555
1656,1265,873,-2611
1657,1330,817,-2640
1658,1234,822,-2702
1659,1224,844,-2687
1660,1252,950,-2578
1661,1344,950,-2548
1662,1210,998,-2554
1663,1343,961,-2488
1664,1241,845,-2691
1665,1389,998,-2534
1666,1323,992,-2522
1667,1451,910,-2554
1668,1270,879,-2544
1669,1230,981,-2579
1670,1351,921,-2482
1671,1409,929,-2559
1672,1277,884,-2638
1673,1461,845,-2599
1674,1328,756,-2647
1675,1309,794,-2647
1676,1187,934,-2560
1677,1379,783,-2672
1678,1317,898,-2596
1679,1347,842,-2587
1680,1308,819,-2676
1681,1440,822,-2643
1682,1417,1006,-2558
1683,1425,833,-2643
1684,1351,961,-2560
1685,1404,978,-2547
1686,1388,864,-2665
1687,1275,838,-2688
1688,1351,958,-2552
1689,1358,896,-2596
1690,1373,961,-2538
1691,1329,962,-2502
1692,1375,831,-2608
1693,1327,855,-2612
1694,1214,880,-2682
1695,1402,934,-2568
1696,1428,861,-2565
1697,1297,956,-2581
1698,1405,971,-2553
1699,1377,913,-2589
1700,1207,912,-2642
1701,1238,983,-2582
1702,1400,826,-2625
1703,1274,957,-2568
1704,1360,891,-2595
1705,1440,922,-2560
1706,1332,860,-2602
1707,1290,824,-2701
1708,1263,855,-2635
1709,1377,1012,-2518
1710,1264,980,-2544
1711,1318,861,-2609
1712,1391,912,-2593
1713,1280,813,-2713
1714,1237,982,-2547
1715,1285,916,-2646
1716,1238,956,-2525
1717,1204,993,-2593
1718,1205,996,-2572
1719,1429,813,-2634
1720,1396,811,-2609
1721,1334,779,-2669
1722,1192,871,-2655
1723,1236,871,-2719
1724,1229,965,-2594
1725,1326,975,-2536
1726,1248,929,-2557
1727,1362,990,-2535
1728,1410,928,-2574
1729,1275,887,-2640
1730,1422,843,-2673
1731,1325,954,-2497
1732,1307,877,-2580
1733,1387,945,-2548
1734,1377,955,-2474
1735,1372,895,-2600
1736,1304,883,-2601
1737,1428,957,-2529
1738,1361,897,-2587
1739,1210,861,-2699
1740,1370,928,-2505
1741,1213,933,-2589
1742,1424,921,-2586
1743,1313,1007,-2525
1744,1346,934,-2541
1745,1432,853,-2581
1746,1419,864,-2649
1747,1235,835,-2698
1748,1401,858,-2600
1749,1426,982,-2544
1750,1379,941,-2578
1751,1282,895,-2659
1752,1212,1011,-2577
1753,1384,834,-2604
1754,1341,969,-2537
1755,1388,910,-2567
1756,1302,978,-2499
1757,1283,888,-2656
1758,1213,937,-2612
1759,1254,931,-2567
1760,1357,854,-2622
1761,1179,909,-2637
1762,1444,866,-2584
1763,1211,846,-2691
1764,1431,807,-2601
1765,1196,874,-2697
1766,1388,972,-2564
1767,1330,776,-2631
1768,1248,850,-2667
1769,1418,836,-2659
1770,1429,824,-2613
1771,1323,1020,-2500
1772,1247,902,-2588
1773,1410,787,-2657
1774,1355,968,-2501
1775,1387,844,-2632
1776,1402,970,-2536
1777,1216,854,-2699
1778,1278,903,-2672
1779,1358,762,-2667
1780,1329,1001,-2494
1781,1321,949,-2569
1782,1376,986,-2480
1783,1275,833,-2697
1784,1301,911,-2599
1785,1198,871,-2667
1786,1457,827,-2591
1787,1397,891,-2553
1788,1444,862,-2550
1789,1331,929,-2501
1790,1402,928,-2551
1791,1301,760,-2660
1792,1441,921,-2585
1793,1437,897,-2589
1794,1386,975,-2537
1795,1360,866,-2605
1796,1306,938,-2552
1797,1296,967,-2581
1798,1431,944,-2583
1799,1227,1000,-2569
1800,1402,936,-2593
1801,1380,804,-2600
1802,1450,812,-2605
1803,1206,949,-2615
1804,1305,965,-2599
1805,1240,865,-2679
1806,1415,964,-2503
1807,1427,909,-2575
1808,1339,784,-2644
1809,1326,908,-2584
1810,1220,876,-2628
1811,1381,948,-2557
1812,1256,900,-2562
1813,1311,818,-2677
1814,1348,983,-2504
1815,1368,866,-2624
1816,1423,956,-2534
1817,1255,962,-2578
1818,1201,978,-2572
1819,1407,967,-2561
1820,1368,909,-2585
1821,1220,991,-2561
1822,1396,962,-2509
1823,1200,864,-2651
1824,1339,993,-2483
1825,1454,944,-2580
1826,1364,972,-2529
1827,1263,993,-2488
1828,1435,831,-2597
1829,1211,923,-2611
1830,1309,911,-2598
1831,1172,926,-2588
1832,1269,850,-2630
1833,1234,1017,-2584
1834,1279,885,-2649
1835,1442,902,-2507
1836,1425,853,-2621
1837,1392,812,-2608
1838,1259,862,-2636
1839,1305,918,-2617
1840,1376,828,-2614
1841,1228,1002,-2522
1842,1445,922,-2592
1843,1406,923,-2544
1844,1356,906,-2573
1845,1393,833,-2598
1846,1394,846,-2641
1847,1324,952,-2546
1848,1305,912,-2564
1849,1289,837,-2698
1850,1246,976,-2537
1851,1273,886,-2583
1852,1375,806,-2622
1853,1258,916,-2617
1854,1367,863,-2620
1855,1326,778,-2661
1856,1276,875,-2632
1857,1348,986,-2540
1858,1231,887,-2664
1859,1285,929,-2618
1860,1358,883,-2598
1861,1231,999,-2540
1862,1450,902,-2590
1863,1250,900,-2601
1864,1331,805,-2601
1865,1346,936,-2561
1866,1203,994,-2589
1867,1385,868,-2623
1868,1418,846,-2672
1869,1295,1008,-2542
1870,1430,800,-2617
1871,1219,931,-2587
1872,1314,1042,-2573
1873,1249,828,-2719
1874,1313,980,-2593
1875,1305,840,-2671
1876,1227,952,-2571
1877,1329,924,-2580
1878,1240,869,-2673
1879,1234,893,-2669
1880,1241,964,-2618
1881,1240,1029,-2572
1882,1240,1009,-2517
1883,1260,1018,-2514
1884,1213,864,-2679
1885,1417,819,-2664
1886,1238,868,-2654
1887,1268,965,-2506
1888,1468,920,-2563
1889,1379,828,-2601
1890,1183,875,-2629
1891,1409,960,-2538
1892,1409,963,-2566
1893,1330,987,-2521
1894,1252,931,-2550
1895,1247,962,-2585
1896,1446,814,-2618
1897,1413,862,-2665
1898,1426,815,-2666
1899,1313,863,-2637
1900,1379,907,-2598
1901,1295,1044,-2609
1902,1429,952,-2543
1903,1231,852,-2662
1904,1430,842,-2630
1905,1396,912,-2621
1906,1441,936,-2540
1907,1269,951,-2484
1908,1314,1014,-2506
1909,1271,948,-2571
1910,1345,811,-2609
1911,1311,822,-2668
1912,1183,901,-2637
1913,1317,986,-2486
1914,1426,929,-2556
1915,1393,963,-2559
1916,1373,920,-2553
1917,1311,763,-2677
1918,1448,828,-2626
1919,1271,833,-2647
1920,1362,773,-2654
1921,1245,899,-2663
1922,1307,855,-2620
1923,1202,862,-2695
1924,1267,966,-2536
1925,1322,796,-2676
1926,1323,887,-2623
1927,1390,856,-2608
1928,1404,831,-2672
1929,1274,939,-2585
1930,1432,894,-2548
1931,1232,990,-2551
1932,1425,887,-2589
1933,1309,940,-2595
1934,1458,879,-2578
1935,1322,795,-2650
1936,1319,796,-2683
1937,1230,876,-2654
1938,1234,916,-2603
1939,1253,816,-2662
1940,1385,893,-2586
1941,1310,969,-2560
1942,1359,952,-2519
1943,1215,900,-2659
1944,1339,907,-2558
1945,1336,896,-2513
1946,1247,980,-2545
1947,1383,967,-2521
1948,1358,969,-2572
1949,1283,981,-2573
1950,1439,879,-2538
1951,1414,959,-2565
1952,1379,923,-2572
1953,1272,839,-2603
1954,1311,921,-2597
1955,1173,932,-2632
1956,1410,841,-2673
1957,1384,962,-2470
1958,1308,800,-2664
1959,1348,902,-2564
1960,1207,970,-2609
1961,1329,884,-2580
1962,1370,783,-2627
1963,1336,995,-2532
1964,1442,929,-2567
1965,1387,807,-2645
1966,1378,898,-2546
1967,1264,966,-2523
1968,1207,985,-2578
1969,1425,976,-2518
1970,1354,910,-2599
1971,1251,1019,-2523
1972,1292,887,-2654
1973,1317,935,-2622
1974,1309,863,-2632
1975,1422,966,-2540
1976,1237,936,-2586
1977,1195,980,-2572
1978,1394,803,-2615
1979,1236,906,-2630
1980,1398,863,-2624
1981,1295,957,-2597
1982,1182,856,-2664
1983,1449,842,-2635
1984,1247,987,-2557
1985,1438,925,-2560
1986,1324,800,-2659
1987,1230,1020,-2543
1988,1412,957,-2509
1989,1428,816,-2627
1990,1348,970,-2541
1991,1437,888,-2607
1992,1272,794,-2683
1993,1337,874,-2612
1994,1248,904,-2661
1995,1434,849,-2618
1996,1465,920,-2561
1997,1255,942,-2558
1998,1366,909,-2595
1999,1434,820,-2608
2000,1315,1044,-2573
2001,1205,923,-2672
2002,1325,996,-2547
2003,1336,948,-2551
2004,1251,905,-2589
2005,1442,933,-2536
2006,1266,860,-2557
2007,1219,930,-2593
2008,1247,876,-2620
2009,1393,948,-2549
2010,1231,818,-2699
2011,1259,794,-2685
2012,1238,982,-2535
2013,1226,890,-2656
2014,1210,860,-2699
2015,1169,942,-2576
2016,1317,1003,-2551
2017,1262,978,-2525
2018,1231,928,-2605
2019,1231,937,-2600
2020,1282,962,-2583
2021,1302,851,-2634
2022,1366,925,-2527
2023,1214,954,-2571
2024,1327,948,-2483
2025,1303,822,-2653
2026,1283,1005,-2536
2027,1315,823,-2669
2028,1330,919,-2523
2029,1430,932,-2557
2030,1408,847,-2697
2031,1224,891,-2687
2032,1403,970,-2543
2033,1257,896,-2616
2034,1310,798,-2689
2035,1308,904,-2575
2036,1319,843,-2661
2037,1389,919,-2545
2038,1414,903,-2584
2039,1374,944,-2582
2040,1313,977,-2594
2041,1409,855,-2665
2042,1304,803,-2659
2043,1414,867,-2631
2044,1240,873,-2661
2045,1269,819,-2664
2046,1308,1032,-2530
2047,1220,920,-2643
2048,1230,884,-2611
2049,1427,979,-2523
2050,1357,983,-2493
2051,1364,852,-2604
2052,1201,902,-2607
2053,1349,759,-2664
2054,1345,795,-2659
2055,1316,1030,-2545
2056,1363,976,-2523
2057,1301,984,-2505
2058,1213,983,-2545
2059,1336,781,-2629
2060,1197,956,-2558
2061,1168,889,-2631
2062,1235,893,-2657
2063,1216,912,-2612
2064,1274,831,-2640
2065,1289,837,-2677
2066,1221,1010,-2546
2067,1439,855,-2567
2068,1436,855,-2607
2069,1212,864,-2631
2070,1246,893,-2649
2071,1318,877,-2577
2072,1435,948,-2546
2073,1319,1019,-2507
2074,1434,821,-2613
2075,1273,804,-2665
2076,1238,986,-2544
2077,1416,899,-2613
2078,1442,884,-2540
2079,1262,783,-2655
2080,1217,923,-2652
2081,1391,995,-2511
2082,1347,952,-2540
2083,1215,969,-2621
2084,1336,985,-2473
2085,1308,882,-2640
2086,1267,918,-2615
2087,1372,806,-2637
2088,1282,1011,-2548
2089,1361,832,-2579
2090,1340,776,-2671
2091,1240,908,-2626
2092,1462,895,-2576
2093,1452,826,-2618
2094,1265,956,-2571
2095,1206,989,-2590
2096,1240,980,-2531
2097,1211,905,-2603
2098,1294,978,-2561
2099,1456,841,-2562
2100,1342,774,-2630
2101,1406,957,-2591
2102,1402,967,-2506
2103,1383,866,-2614
2104,1321,879,-2648
2105,1412,1003,-2544
2106,1321,793,-2700
2107,1263,916,-2593
2108,1322,951,-2514
2109,1287,937,-2622
2110,1197,857,-2682
2111,1376,879,-2582
2112,1371,955,-2532
2113,1374,954,-2528
2114,1228,908,-2625
2115,1445,953,-2529
2116,1336,974,-2535
2117,1389,798,-2686
2118,1350,996,-2481
2119,1305,1004,-2548
2120,1305,789,-2700
2121,1222,1001,-2542
2122,1242,960,-2540
2123,1248,848,-2688
2124,1417,929,-2587
2125,1407,942,-2568
2126,1453,920,-2567
2127,1429,940,-2567
2128,1268,955,-2531
2129,1362,945,-2591
2130,1412,969,-2568
2131,1273,865,-2634
2132,1380,961,-2507
2133,1321,773,-2656
2134,1180,963,-2589
2135,1330,759,-2663
2136,1438,948,-2519
2137,1256,932,-2597
2138,1312,899,-2580
2139,1178,909,-2648
2140,1280,848,-2689
2141,1195,887,-2663
2142,1336,913,-2569
2143,1385,819,-2661
2144,1334,848,-2613
2145,1206,915,-2614
2146,1380,836,-2648
2147,1167,917,-2642
2148,1326,953,-2509
2149,1279,975,-2593
2150,1313,776,-2680
2151,1228,830,-2661
2152,1421,976,-2545
2153,1258,967,-2527
2154,1234,987,-2566
2155,1176,951,-2597
2156,1210,983,-2567
2157,1224,852,-2661
2158,1398,941,-2535
2159,1367,932,-2554
2160,1398,875,-2612
2161,1341,978,-2519
2162,1373,999,-2537
2163,1259,928,-2576
2164,1368,1014,-2524
2165,1282,895,-2633
2166,1434,839,-2605
2167,1222,908,-2662
2168,1320,770,-2674
2169,1283,986,-2572
2170,1301,1035,-2544
2171,1383,827,-2674
2172,1310,926,-2555
2173,1375,955,-2460
2174,1248,947,-2573
2175,1286,840,-2720
2176,1392,872,-2606
2177,1252,816,-2668
2178,1386,958,-2483
2179,1311,871,-2596
2180,1248,939,-2619
2181,1338,902,-2510
2182,1375,777,-2636
2183,1413,946,-2568
2184,1257,855,-2600
2185,1466,855,-2580
2186,1381,930,-2510
2187,1208,856,-2650
2188,1388,832,-2619
2189,1300,914,-2584
2190,1330,976,-2470
2191,1410,915,-2538
2192,1446,828,-2622
2193,1314,992,-2587
2194,1314,986,-2543
2195,1273,985,-2491
2196,1227,914,-2630
2197,1363,962,-2509
2198,1308,875,-2613
2199,1225,948,-2610
2200,1330,942,-2523
2201,1196,868,-2679
2202,1231,905,-2620
2203,1212,898,-2639
2204,1195,957,-2598
2205,1193,931,-2581
2206,1278,951,-2579
2207,1344,802,-2649
2208,1259,808,-2685
2209,1325,821,-2619
2210,1176,958,-2598
2211,1370,807,-2636
2212,1247,874,-2675
2213,1353,907,-2599
2214,1462,893,-2598
2215,1269,913,-2597
2216,1331,812,-2624
2217,1421,935,-2599
2218,1401,905,-2576
2219,1248,814,-2700
2220,1257,979,-2500
2221,1346,998,-2510
2222,1402,787,-2663
2223,1453,817,-2603
2224,1364,1008,-2506
2225,1217,956,-2623
2226,1271,1008,-2494
2227,1437,867,-2553
2228,1383,774,-2670
2229,1263,880,-2624
2230,1230,908,-2624
2231,1246,1015,-2516
2232,1378,878,-2573
2233,1414,833,-2652
2234,1231,947,-2605
2235,1265,927,-2602
2236,1310,790,-2693
2237,1255,963,-2571
2238,1391,871,-2612
2239,1286,973,-2585
2240,1399,901,-2582
2241,1280,816,-2714
2242,1400,920,-2588
2243,1268,956,-2566
2244,1228,852,-2712
2245,1273,866,-2638
2246,1408,872,-2603
2247,1319,965,-2533
2248,1218,951,-2597
2249,1436,837,-2647
2250,1406,998,-2547
2251,1231,861,-2643
2252,1243,997,-2503
2253,1233,895,-2634
2254,1352,950,-2545
2255,1386,814,-2673
2256,1172,895,-2633
2257,1306,774,-2679
2258,1376,971,-2581
2259,1324,859,-2655
2260,1172,946,-2619
2261,1444,809,-2612
2262,1262,1007,-2494
2263,1380,814,-2667
2264,1293,859,-2694
2265,1317,873,-2643
2266,1200,941,-2583
2267,1267,968,-2535
2268,1429,961,-2535
2269,1412,873,-2623
2270,1267,985,-2487
2271,1436,830,-2621
2272,1370,999,-2541
2273,1302,898,-2646
2274,1252,930,-2619
2275,1258,888,-2613
2276,1420,900,-2535
2277,1302,957,-2561
2278,1236,906,-2576
2279,1244,939,-2562
2280,1305,821,-2654
2281,1330,905,-2524
2282,1389,853,-2612
2283,1335,857,-2617
2284,1307,995,-2564
2285,1364,895,-2589
2286,1298,841,-2698
2287,1454,907,-2589
2288,1384,775,-2648
2289,1204,908,-2602
2290,1361,781,-2625
2291,1268,835,-2658
2292,1301,969,-2557
2293,1422,828,-2641
2294,1241,833,-2704
2295,1271,775,-2673
2296,1423,918,-2586
2297,1352,908,-2551
2298,1447,827,-2636
2299,1230,870,-2691
2300,1442,878,-2599
2301,1232,973,-2586
2302,1354,906,-2552
2303,1234,999,-2558
2304,1223,1004,-2521
2305,1366,840,-2620
2306,1310,824,-2657
2307,1267,936,-2580
2308,1336,860,-2598
2309,1301,961,-2534
2310,1251,962,-2570
2311,1285,995,-2554
2312,1297,888,-2635
2313,1441,865,-2561
2314,1375,823,-2668
2315,1443,936,-2515
2316,1272,952,-2590
2317,1373,972,-2512
2318,1258,986,-2509
2319,1193,939,-2619
2320,1248,924,-2630
2321,1355,945,-2538
2322,1355,782,-2640
2323,1338,947,-2569
2324,1342,774,-2641
2325,1182,978,-2570
2326,1354,973,-2519
2327,1418,799,-2655
2328,1336,862,-2572
2329,1323,938,-2557
2330,1319,972,-2587
2331,1250,885,-2621
2332,1398,994,-2552
2333,1238,981,-2574
2334,1230,789,-2676
2335,1246,854,-2638
2336,1382,861,-2572
2337,1455,823,-2610
2338,1385,849,-2612
2339,1361,896,-2552
2340,1370,991,-2523
2341,1217,910,-2619
2342,1329,826,-2620
2343,1428,844,-2581
2344,1267,918,-2614
2345,1248,852,-2627
2346,1262,916,-2616
2347,1269,815,-2641
2348,1231,877,-2675
2349,1440,841,-2600
2350,1425,806,-2616
2351,1252,835,-2657
2352,1248,989,-2540
2353,1228,982,-2534
2354,1415,890,-2630
2355,1359,775,-2640
2356,1456,878,-2581
2357,1300,941,-2624
2358,1263,853,-2641
2359,1289,886,-2692
2360,1432,973,-2529
2361,1437,811,-2608
2362,1343,783,-2631
2363,1386,900,-2566
2364,1381,968,-2533
2365,1267,901,-2598
2366,1232,862,-2672
2367,1159,919,-2601
2368,1324,884,-2580
2369,1389,821,-2611
2370,1323,915,-2613
2371,1454,848,-2610
2372,1335,887,-2590
2373,1441,899,-2579
2374,1427,897,-2582
2375,1334,983,-2520
2376,1401,875,-2615
2377,1330,872,-2614
2378,1420,900,-2564
2379,1340,938,-2565
2380,1327,901,-2539
2381,1373,921,-2553
2382,1351,788,-2649
2383,1419,881,-2634
2384,1210,875,-2634
2385,1356,981,-2513
2386,1217,886,-2656
2387,1452,836,-2569
2388,1266,921,-2569
2389,1166,905,-2642
2390,1251,827,-2654
2391,1169,944,-2597
2392,1236,877,-2648
2393,1420,942,-2551
2394,1382,799,-2651
2395,1335,830,-2599
2396,1182,925,-2610
2397,1375,948,-2583
2398,1176,936,-2597
2399,1379,817,-2654
2400,1235,977,-2591
2401,1377,884,-2615
2402,1309,887,-2588
2403,1305,816,-2682
2404,1360,890,-2606
2405,1386,946,-2593
2406,1427,970,-2514
2407,1261,949,-2552
2408,1340,889,-2556
2409,1367,974,-2497
2410,1204,931,-2600
2411,1328,791,-2670
2412,1386,1006,-2509
2413,1357,951,-2508
2414,1346,897,-2560
2415,1380,791,-2677
2416,1446,824,-2605
2417,1395,818,-2623
2418,1225,874,-2637
2419,1258,967,-2539
2420,1442,816,-2602
2421,1250,944,-2530
2422,1341,876,-2592
2423,1206,983,-2586
2424,1238,892,-2671
2425,1361,978,-2471
2426,1315,951,-2565
2427,1200,884,-2654
2428,1187,916,-2637
2429,1328,833,-2608
2430,1415,846,-2665
2431,1385,998,-2531
2432,1354,781,-2642
2433,1304,927,-2564
2434,1336,898,-2577
2435,1381,892,-2591
2436,1183,945,-2619
2437,1216,920,-2652
2438,1256,875,-2587
2439,1416,914,-2612
2440,1406,918,-2593
2441,1174,953,-2603
2442,1382,888,-2585
2443,1180,926,-2585
2444,1384,938,-2557
2445,1359,881,-2604
2446,1376,795,-2640
2447,1321,913,-2603
2448,1444,870,-2615
2449,1384,840,-2577
2450,1399,831,-2600
2451,1282,935,-2611
2452,1232,873,-2671
2453,1351,939,-2517
2454,1386,807,-2640
2455,1316,976,-2587
2456,1326,807,-2620
2457,1442,827,-2597
2458,1313,954,-2543
2459,1393,994,-2559
2460,1326,916,-2553
2461,1334,803,-2635
2462,1264,854,-2577
2463,1290,894,-2631
2464,1426,922,-2520
2465,1427,881,-2585
2466,1403,840,-2628
2467,1401,993,-2533
2468,1385,803,-2610
2469,1210,869,-2701
2470,1267,899,-2618
2471,1287,1027,-2523
2472,1227,934,-2621
2473,1380,815,-2628
2474,1292,989,-2553
2475,1242,1027,-2568
2476,1192,861,-2661
2477,1303,779,-2642
2478,1448,829,-2633
2479,1254,929,-2550
2480,1274,958,-2549
2481,1239,802,-2680
2482,1173,887,-2648
2483,1340,823,-2611
2484,1349,935,-2571
2485,1333,825,-2579
2486,1409,787,-2656
2487,1417,892,-2587
2488,1272,843,-2625
2489,1303,832,-2610
2490,1285,890,-2661
2491,1346,964,-2487
2492,1362,801,-2641
2493,1446,914,-2505
2494,1291,1035,-2549
2495,1374,899,-2609
2496,1168,886,-2650
2497,1428,833,-2599
2498,1374,844,-2577
2499,1309,921,-2612
2500,1452,920,-2587
2501,1347,950,-2533
2502,1351,963,-2565
2503,1269,808,-2648
2504,1202,943,-2607
2505,1393,850,-2579
2506,1245,974,-2532
2507,1288,980,-2573
2508,1197,939,-2586
2509,1292,875,-2634
2510,1425,936,-2557
2511,1356,852,-2567
2512,1394,873,-2586
2513,1331,779,-2664
2514,1220,978,-2539
2515,1250,793,-2680
2516,1380,960,-2568
2517,1418,908,-2592
2518,1378,950,-2503
2519,1237,830,-2679
2520,1463,894,-2603
2521,1273,982,-2540
2522,1239,1020,-2528
2523,1217,978,-2529
2524,1397,945,-2554
2525,1411,817,-2631
2526,1412,831,-2684
2527,1383,822,-2601
2528,1344,975,-2492
2529,1424,933,-2537
2530,1347,903,-2549
2531,1254,979,-2518
2532,1318,845,-2613
2533,1432,940,-2534
2534,1207,914,-2681
2535,1314,804,-2642
2536,1377,976,-2544
2537,1195,879,-2642
2538,1351,796,-2628
2539,1249,854,-2654
2540,1368,932,-2558
2541,1317,872,-2670
2542,1252,1011,-2514
2543,1348,948,-2516
2544,1258,809,-2626
2545,1257,998,-2483
2546,1295,889,-2653
2547,1349,797,-2646
2548,1176,935,-2617
2549,1218,964,-2571
2550,1378,983,-2486
2551,1316,901,-2577
2552,1396,861,-2604
2553,1261,963,-2516
2554,1447,968,-2549
2555,1239,864,-2682
2556,1249,897,-2620
2557,1374,1006,-2519
2558,1344,997,-2485
2559,1343,939,-2552
2560,1274,963,-2511
2561,1391,832,-2610
2562,1409,946,-2553
2563,1334,792,-2623
2564,1374,897,-2605
2565,1368,908,-2555
2566,1403,844,-2635
2567,1166,939,-2616
2568,1235,920,-2620
2569,1415,964,-2588
2570,1358,856,-2619
2571,1207,911,-2607
2572,1402,927,-2532
2573,1240,899,-2666
2574,1312,892,-2577
2575,1319,907,-2614
2576,1259,947,-2599
2577,1376,996,-2535
2578,1393,830,-2614
2579,1227,835,-2685
2580,1185,887,-2662
2581,1354,812,-2604
2582,1348,924,-2571
2583,1435,833,-2601
2584,1392,942,-2530
2585,1421,810,-2641
2586,1394,861,-2604
2587,1437,917,-2567
2588,1437,814,-2643
2589,1404,969,-2543
2590,1257,912,-2617
2591,1227,1023,-2555
2592,1323,860,-2654
2593,1317,962,-2559
2594,1270,889,-2615
2595,1421,959,-2541
2596,1383,853,-2563
2597,1250,933,-2582
2598,1446,954,-2537
2599,1266,914,-2611
2600,1230,987,-2531
2601,1370,893,-2583
2602,1203,904,-2606
2603,1232,891,-2628
2604,1330,828,-2603
2605,1421,820,-2630
2606,1360,992,-2479
2607,1387,970,-2530
2608,1339,934,-2556
2609,1314,839,-2616
2610,1183,875,-2671
2611,1218,887,-2649
2612,1311,996,-2546
2613,1404,827,-2627
2614,1419,910,-2574
2615,1310,970,-2522
2616,1322,933,-2582
2617,1255,832,-2654
2618,1357,980,-2477
2619,1227,929,-2582
2620,1415,984,-2533
2621,1435,980,-2535
2622,1177,955,-2564
2623,1223,884,-2645
2624,1218,955,-2612
2625,1272,971,-2583
2626,1248,973,-2559
2627,1406,892,-2589
2628,1322,1020,-2525
2629,1378,774,-2663
2630,1313,797,-2667
2631,1279,887,-2626
2632,1263,896,-2597
2633,1241,1003,-2532
2634,1367,939,-2550
2635,1395,994,-2517
2636,1376,982,-2506
2637,1454,830,-2554
2638,1260,956,-2502
2639,1210,851,-2636
2640,1387,894,-2548
2641,1397,913,-2590
2642,1403,1020,-2564
2643,1345,839,-2560
2644,1439,873,-2562
2645,1253,957,-2524
2646,1362,863,-2590
2647,1442,841,-2624
2648,1281,1029,-2549
2649,1228,853,-2703
2650,1259,915,-2615
2651,1300,873,-2596
2652,1436,886,-2572
2653,1324,966,-2540
2654,1229,1004,-2566
2655,1257,782,-2687
2656,1237,881,-2625
2657,1273,814,-2684
2658,1299,886,-2657
2659,1229,907,-2664
2660,1214,934,-2588
2661,1434,881,-2526
2662,1376,929,-2548
2663,1237,952,-2600
2664,1431,905,-2532
2665,1440,873,-2554
2666,1443,916,-2509
2667,1430,864,-2585
2668,1369,961,-2461
2669,1408,910,-2562
2670,1377,884,-2612
2671,1406,994,-2568
2672,1455,823,-2585
2673,1373,942,-2553
2674,1373,928,-2569
2675,1253,994,-2510
2676,1239,1012,-2534
2677,1381,844,-2651
2678,1428,986,-2527
2679,1315,963,-2595
2680,1325,909,-2590
2681,1163,905,-2624
2682,1383,990,-2530
2683,1289,992,-2555
2684,1316,965,-2568
2685,1363,895,-2576
2686,1239,949,-2566
2687,1285,883,-2664
2688,1221,854,-2652
2689,1340,900,-2562
2690,1386,914,-2547
2691,1318,932,-2537
2692,1439,931,-2544
2693,1309,830,-2670
2694,1377,773,-2654
2695,1427,924,-2518
2696,1213,963,-2565
2697,1319,820,-2666
2698,1174,902,-2643
2699,1352,945,-2531
2700,1346,969,-2521
2701,1230,840,-2692
2702,1266,809,-2681
2703,1381,778,-2655
2704,1175,971,-2590
2705,1312,1008,-2490
2706,1403,883,-2621
2707,1382,849,-2596
2708,1235,1012,-2524
2709,1223,865,-2716
2710,1406,906,-2594
2711,1210,996,-2540
2712,1216,955,-2592
2713,1306,907,-2605
2714,1389,871,-2650
2715,1387,912,-2582
2716,1200,830,-2677
2717,1354,908,-2493
2718,1310,950,-2572
2719,1387,927,-2589
2720,1313,975,-2583
2721,1232,989,-2591
2722,1377,908,-2572
2723,1199,935,-2554
2724,1241,865,-2651
2725,1305,812,-2697
2726,1234,937,-2560
2727,1310,1005,-2559
2728,1443,932,-2547
2729,1316,892,-2600
2730,1270,877,-2615
2731,1272,913,-2618
2732,1255,952,-2557
2733,1419,886,-2575
2734,1303,767,-2683
2735,1301,945,-2569
2736,1264,932,-2561
2737,1210,892,-2642
2738,1246,827,-2705
2739,1307,919,-2630
2740,1214,940,-2585
2741,1231,864,-2636
2742,1300,939,-2595
2743,1258,967,-2516
2744,1383,936,-2537
2745,1435,887,-2599
2746,1391,951,-2501
2747,1325,985,-2530
2748,1322,852,-2653
2749,1394,889,-2597
2750,1446,835,-2635
2751,1298,886,-2625
2752,1235,966,-2597
2753,1242,841,-2723
2754,1250,951,-2547
2755,1390,1007,-2506
2756,1393,898,-2542
2757,1395,940,-2521
2758,1346,955,-2500
2759,1405,954,-2553
2760,1377,998,-2489
2761,1396,822,-2614
2762,1219,995,-2559
2763,1214,854,-2678
2764,1244,993,-2571
2765,1391,935,-2546
2766,1385,797,-2687
2767,1231,942,-2582
2768,1222,928,-2630
2769,1416,916,-2617
2770,1257,939,-2585
2771,1324,937,-2577
2772,1212,878,-2679
2773,1349,937,-2545
2774,1231,1004,-2516
2775,1431,918,-2556
2776,1377,954,-2526
2777,1428,808,-2648
2778,1305,831,-2638
2779,1436,823,-2656
2780,1363,821,-2637
2781,1370,845,-2621
2782,1336,952,-2530
2783,1211,961,-2559
2784,1272,917,-2504
2785,1189,982,-2546
2786,1174,946,-2640
2787,1329,940,-2539
2788,1317,978,-2481
2789,1414,920,-2606
2790,1430,914,-2512
2791,1284,937,-2612
2792,1318,801,-2662
2793,1199,974,-2576
2794,1305,1010,-2553
2795,1409,868,-2615
2796,1323,880,-2608
2797,1395,828,-2620
2798,1357,967,-2567
2799,1255,957,-2484
2800,1395,959,-2558
2801,1209,871,-2703
2802,1418,821,-2642
2803,1354,874,-2622
2804,1232,946,-2639
2805,1355,1009,-2495
2806,1283,1016,-2558
2807,1383,835,-2598
2808,1364,834,-2614
2809,1469,904,-2578
2810,1347,880,-2570
2811,1376,807,-2641
2812,1392,800,-2667
2813,1220,857,-2661
2814,1418,912,-2556
2815,1335,751,-2631
2816,1347,944,-2528
2817,1410,860,-2632
2818,1334,829,-2606
2819,1393,933,-2574
2820,1341,968,-2537
2821,1228,975,-2592
2822,1244,960,-2556
2823,1432,819,-2659
2824,1307,885,-2610
2825,1356,994,-2521
2826,1318,794,-2683
2827,1337,902,-2538
2828,1301,818,-2639
2829,1303,1018,-2546
2830,1202,989,-2536
2831,1407,903,-2573
2832,1390,942,-2559
2833,1323,968,-2568
2834,1292,880,-2674
2835,1256,825,-2669
2836,1199,994,-2561
2837,1374,905,-2528
2838,1392,795,-2689
2839,1358,939,-2495
2840,1217,942,-2596
2841,1382,941,-2478
2842,1415,962,-2529
2843,1316,864,-2654
2844,1417,814,-2659
2845,1248,857,-2686
2846,1410,1008,-2527
2847,1336,812,-2635
2848,1324,1019,-2508
2849,1425,818,-2661
2850,1221,974,-2551
2851,1432,864,-2608
2852,1236,938,-2612
2853,1235,1006,-2597
2854,1362,811,-2620
2855,1343,990,-2527
2856,1382,851,-2609
2857,1366,790,-2625
2858,1226,848,-2674
2859,1405,940,-2566
2860,1200,984,-2564
2861,1346,829,-2620
2862,1274,969,-2537
2863,1409,936,-2569
2864,1181,971,-2571
2865,1230,957,-2582
2866,1224,851,-2716
2867,1209,917,-2661
2868,1440,852,-2591
2869,1207,961,-2591
2870,1316,798,-2684
2871,1227,972,-2576
2872,1381,955,-2584
2873,1290,891,-2636
2874,1287,861,-2660
2875,1388,961,-2597
2876,1459,861,-2562
2877,1301,870,-2640
2878,1239,857,-2703
2879,1257,785,-2679
2880,1173,931,-2638
2881,1308,1020,-2506
2882,1305,810,-2633
2883,1190,876,-2667
2884,1460,861,-2585
2885,1305,991,-2492
2886,1303,971,-2571
2887,1334,784,-2650
2888,1223,943,-2607
2889,1359,983,-2508
2890,1317,834,-2629
2891,1341,855,-2607
2892,1186,920,-2611
2893,1349,850,-2589
2894,1267,800,-2687
2895,1362,1001,-2513
2896,1274,795,-2678
2897,1363,937,-2545
2898,1465,865,-2611
2899,1215,973,-2596
2900,1344,794,-2674
2901,1389,891,-2618
2902,1268,928,-2570
2903,1385,850,-2618
2904,1223,897,-2639
2905,1435,855,-2612
2906,1322,975,-2495
2907,1284,981,-2598
2908,1229,1006,-2526
2909,1237,837,-2686
2910,1431,965,-2506
2911,1250,970,-2529
2912,1422,909,-2542
2913,1216,980,-2526
2914,1401,847,-2631
2915,1405,955,-2526
2916,1255,846,-2664
2917,1213,934,-2578
2918,1470,869,-2590
2919,1355,829,-2621
2920,1303,851,-2658
2921,1257,969,-2478
2922,1345,763,-2631
2923,1219,1008,-2542
2924,1383,809,-2616
2925,1310,826,-2670
2926,1219,861,-2626
2927,1431,877,-2578
2928,1377,930,-2536
2929,1241,990,-2537
2930,1320,774,-2695
2931,1369,942,-2540
2932,1271,903,-2595
2933,1186,967,-2571
2934,1227,883,-2624
2935,1389,952,-2512
2936,1423,985,-2540
2937,1334,832,-2604
2938,1368,981,-2526
2939,1326,969,-2528
2940,1222,986,-2558
2941,1269,955,-2537
2942,1389,916,-2603
2943,1170,945,-2601
2944,1343,817,-2613
2945,1234,939,-2646
2946,1373,929,-2532
2947,1409,929,-2586
2948,1169,905,-2628
2949,1264,986,-2482
2950,1336,883,-2534
2951,1249,833,-2674
2952,1449,814,-2607
2953,1319,886,-2621
2954,1318,971,-2530
2955,1331,872,-2619
2956,1273,798,-2697
2957,1392,973,-2574
2958,1324,985,-2479
2959,1451,900,-2594
2960,1198,936,-2581
2961,1371,756,-2642
2962,1329,904,-2566
2963,1342,960,-2515
2964,1422,902,-2567
2965,1411,815,-2689
2966,1231,971,-2544
2967,1398,907,-2501
2968,1422,908,-2574
2969,1342,897,-2575
2970,1388,811,-2629
2971,1242,905,-2627
2972,1237,921,-2611
2973,1324,873,-2652
2974,1320,978,-2478
2975,1377,907,-2574
2976,1390,895,-2569
2977,1416,994,-2541
2978,1285,936,-2612
2979,1363,763,-2654
2980,1308,781,-2682
2981,1315,951,-2599
2982,1420,961,-2501
2983,1304,966,-2507
2984,1269,817,-2663
2985,1390,1018,-2524
2986,1324,777,-2689
2987,1252,823,-2692
2988,1423,903,-2559
2989,1250,965,-2540
2990,1225,1016,-2554
2991,1402,976,-2552
2992,1237,852,-2691
2993,1243,870,-2701
2994,1209,902,-2621
2995,1448,840,-2611
2996,1434,839,-2647
2997,1421,913,-2598
2998,1305,765,-2667
2999,1368,926,-2584
3000,1400,1023,-2545
3001,1248,848,-2701
3002,1361,939,-2542
3003,1362,976,-2537
3004,1314,979,-2540
3005,1335,934,-2529
3006,1306,1046,-2543
3007,1315,883,-2588
3008,1401,916,-2533
3009,1436,875,-2579
3010,1295,872,-2672
3011,1416,829,-2628
3012,1368,812,-2578
3013,1238,886,-2695
3014,1440,921,-2562
3015,1354,960,-2508
3016,1353,782,-2633
3017,1450,925,-2525
3018,1387,965,-2565
3019,1262,959,-2552
3020,1459,837,-2601
3021,1390,971,-2546
3022,1300,805,-2689
3023,1469,901,-2570
3024,1386,877,-2616
3025,1242,843,-2656
3026,1436,957,-2565
3027,1252,941,-2544
3028,1204,859,-2651
3029,1470,896,-2564
3030,1310,854,-2636
3031,1301,1039,-2568
3032,1366,761,-2658
3033,1301,933,-2552
3034,1304,1022,-2534
3035,1184,864,-2664
3036,1246,814,-2708
3037,1242,873,-2700
3038,1410,994,-2525
3039,1438,855,-2636
3040,1308,832,-2651
3041,1355,807,-2618
3042,1199,857,-2678
3043,1215,911,-2614
3044,1302,965,-2567
3045,1282,869,-2650
3046,1390,876,-2538
3047,1445,847,-2664
3048,1437,906,-2551
3049,1275,865,-2656
3050,1271,821,-2695
3051,1251,923,-2588
3052,1317,793,-2660
3053,1305,876,-2604
3054,1214,894,-2700
3055,1311,928,-2593
3056,1360,833,-2609
3057,1248,1018,-2523
3058,1203,972,-2594
3059,1370,937,-2558
3060,1203,977,-2548
3061,1330,798,-2639
3062,1211,988,-2581
3063,1433,877,-2571
3064,1415,865,-2626
3065,1400,889,-2587
3066,1232,872,-2679
3067,1208,1004,-2590
3068,1430,921,-2548
3069,1215,931,-2643
3070,1302,865,-2635
3071,1431,908,-2554
3072,1312,766,-2656
3073,1450,838,-2611
3074,1220,930,-2612
3075,1425,912,-2502
3076,1301,932,-2540
3077,1338,800,-2640
3078,1399,931,-2523
3079,1417,902,-2577
3080,1236,872,-2670
3081,1258,901,-2557
3082,1446,868,-2587
3083,1407,966,-2574
3084,1419,915,-2559
3085,1354,967,-2494
3086,1204,964,-2554
3087,1404,948,-2532
3088,1237,868,-2649
3089,1396,842,-2613
3090,1274,985,-2510
3091,1254,930,-2579
3092,1303,892,-2579
3093,1400,962,-2529
3094,1454,859,-2550
3095,1326,904,-2552
3096,1289,856,-2667
3097,1250,865,-2623
3098,1340,945,-2548
3099,1337,849,-2593
3100,1446,920,-2513
3101,1428,878,-2553
3102,1260,908,-2584
3103,1350,824,-2621
3104,1393,792,-2635
3105,1320,965,-2566
3106,1442,890,-2558
3107,1389,928,-2563
3108,1324,1016,-2494
3109,1397,942,-2580
3110,1254,882,-2576
3111,1336,876,-2588
3112,1312,977,-2551
3113,1373,958,-2476
3114,1443,888,-2551
3115,1363,939,-2546
3116,1360,981,-2476
3117,1409,891,-2616
3118,1269,973,-2492
3119,1437,866,-2562
3120,1407,946,-2572
3121,1304,920,-2621
3122,1355,890,-2609
3123,1325,872,-2604
3124,1281,830,-2697
3125,1394,974,-2533
3126,1349,798,-2632
3127,1319,910,-2643
3128,1456,832,-2595
3129,1359,901,-2563
3130,1283,1012,-2525
3131,1308,947,-2600
3132,1196,985,-2551
3133,1208,996,-2591
3134,1397,986,-2502
3135,1434,896,-2559
3136,1238,976,-2537
3137,1307,793,-2683
3138,1438,816,-2616
3139,1403,814,-2673
3140,1413,969,-2528
3141,1297,899,-2647
3142,1332,817,-2646
3143,1393,837,-2587
3144,1212,945,-2624
3145,1272,990,-2500
3146,1340,769,-2669
3147,1358,938,-2576
3148,1234,975,-2568
3149,1273,838,-2668
3150,1398,905,-2545
3151,1435,849,-2579
3152,1256,795,-2700
3153,1190,893,-2653
3154,1425,967,-2505
3155,1183,903,-2648
3156,1408,875,-2618
3157,1416,917,-2533
3158,1216,977,-2593
3159,1336,788,-2645
3160,1408,859,-2670
3161,1432,842,-2660
3162,1220,860,-2711
3163,1358,860,-2552
3164,1227,950,-2552
3165,1276,975,-2573
3166,1357,883,-2581
3167,1234,916,-2611
3168,1278,822,-2709
3169,1318,1016,-2503
3170,1392,944,-2590
3171,1336,983,-2528
3172,1388,888,-2612
3173,1309,795,-2688
3174,1325,944,-2552
3175,1164,941,-2575
3176,1411,898,-2583
3177,1323,989,-2573
3178,1400,904,-2563
3179,1270,948,-2594
3180,1416,931,-2558
3181,1368,914,-2560
3182,1442,951,-2527
3183,1252,953,-2539
3184,1303,1002,-2477
3185,1370,938,-2501
3186,1408,869,-2602
3187,1380,862,-2630
3188,1175,934,-2611
3189,1227,894,-2607
3190,1459,853,-2580
3191,1322,1002,-2482
3192,1455,894,-2623
3193,1428,873,-2584
3194,1446,948,-2528
3195,1407,835,-2636
3196,1227,822,-2682
3197,1343,934,-2574
3198,1314,1004,-2494
3199,1241,995,-2611
3200,1301,1019,-2565
3201,1224,944,-2618
3202,1264,868,-2603
3203,1232,882,-2630
3204,1394,967,-2556
3205,1260,1001,-2495
3206,1405,795,-2656
3207,1421,872,-2615
3208,1392,940,-2562
3209,1266,884,-2599
3210,1412,852,-2647
3211,1385,927,-2551
3212,1261,782,-2679
3213,1247,1000,-2522
3214,1339,926,-2555
3215,1257,954,-2502
3216,1462,908,-2557
3217,1403,961,-2573
3218,1436,833,-2660
3219,1228,989,-2561
3220,1338,876,-2591
3221,1232,1004,-2542
3222,1342,824,-2604
3223,1232,1013,-2527
3224,1318,787,-2697
3225,1286,823,-2718
3226,1429,937,-2524
3227,1349,828,-2605
3228,1400,890,-2606
3229,1320,793,-2669
3230,1259,854,-2632
3231,1404,814,-2661
3232,1403,929,-2559
3233,1200,921,-2614
3234,1428,980,-2521
3235,1212,840,-2659
3236,1370,755,-2626
3237,1412,900,-2580
3238,1439,844,-2599
3239,1434,901,-2591
3240,1229,990,-2550
3241,1446,959,-2553
3242,1444,947,-2551
3243,1381,942,-2565
3244,1310,913,-2622
3245,1233,907,-2604
3246,1436,941,-2511
3247,1203,919,-2643
3248,1340,966,-2526
3249,1249,908,-2625
3250,1404,915,-2573
3251,1403,828,-2669
3252,1448,945,-2520
3253,1261,927,-2555
3254,1304,980,-2547
3255,1384,803,-2615
3256,1406,951,-2515
3257,1260,938,-2585
3258,1229,1001,-2536
3259,1418,811,-2675
3260,1441,842,-2610
3261,1425,874,-2557
3262,1246,1006,-2548
3263,1264,986,-2475
3264,1392,893,-2582
3265,1434,965,-2531
3266,1282,835,-2700
3267,1429,889,-2580
3268,1205,870,-2638
3269,1232,921,-2584
3270,1440,987,-2571
3271,1396,1004,-2513
3272,1295,985,-2560
3273,1384,860,-2647
3274,1338,959,-2485
3275,1301,767,-2677
3276,1190,879,-2648
3277,1375,970,-2563
3278,1272,825,-2667
3279,1340,775,-2639
3280,1351,826,-2584
3281,1331,899,-2596
3282,1434,925,-2528
3283,1370,1002,-2503
3284,1302,986,-2530
3285,1434,925,-2540
3286,1218,965,-2562
3287,1415,814,-2657
3288,1371,884,-2586
3289,1427,833,-2656
3290,1229,826,-2694
3291,1285,852,-2652
3292,1338,798,-2660
3293,1429,944,-2560
3294,1373,925,-2545
3295,1313,872,-2606
3296,1377,988,-2493
3297,1435,863,-2614
3298,1314,1017,-2533
3299,1304,908,-2606
3300,1212,916,-2653
3301,1406,887,-2611
3302,1226,867,-2651
3303,1389,959,-2525
3304,1434,849,-2627
3305,1259,916,-2618
3306,1228,986,-2551
3307,1272,907,-2588
3308,1208,969,-2590
3309,1448,836,-2652
3310,1335,849,-2621
3311,1308,969,-2568
3312,1423,913,-2539
3313,1241,960,-2575
3314,1390,989,-2516
3315,1346,979,-2541
3316,1311,983,-2554
3317,1437,944,-2527
3318,1427,805,-2602
3319,1192,870,-2657
3320,1241,954,-2621
3321,1434,904,-2594
3322,1224,873,-2683
3323,1314,916,-2558
3324,1333,756,-2659
3325,1455,831,-2585
3326,1319,996,-2570
3327,1199,970,-2563
3328,1229,820,-2658
3329,1382,920,-2537
3330,1243,847,-2698
3331,1371,959,-2532
3332,1240,882,-2606
3333,1442,881,-2538
3334,1236,892,-2631
3335,1217,976,-2578
3336,1208,993,-2529
3337,1342,911,-2593
3338,1341,839,-2615
3339,1335,842,-2619
3340,1313,1001,-2505
3341,1323,1001,-2474
3342,1378,829,-2621
3343,1294,857,-2666
3344,1368,857,-2556
3345,1385,946,-2563
3346,1342,942,-2548
3347,1317,832,-2658
3348,1362,965,-2548
3349,1301,926,-2547
3350,1365,814,-2616
3351,1225,850,-2674
3352,1390,797,-2628
3353,1240,849,-2685
3354,1248,895,-2669
3355,1370,1010,-2541
3356,1345,966,-2546
3357,1228,997,-2617
3358,1183,884,-2654
3359,1235,862,-2664
3360,1449,861,-2584
3361,1347,893,-2555
3362,1359,1021,-2505
3363,1302,1010,-2534
3364,1360,955,-2540
3365,1304,950,-2599
3366,1176,864,-2651
3367,1283,945,-2606
3368,1409,960,-2529
3369,1307,821,-2655
3370,1396,811,-2631
3371,1301,967,-2589
3372,1347,997,-2492
3373,1336,768,-2649
3374,1438,879,-2556
3375,1346,802,-2648
3376,1375,951,-2560
3377,1350,966,-2477
3378,1264,982,-2542
3379,1225,865,-2656
3380,1402,891,-2633
3381,1247,898,-2636
3382,1203,830,-2660
3383,1431,852,-2598
3384,1250,976,-2518
3385,1215,1013,-2563
3386,1428,879,-2574
3387,1361,875,-2585
3388,1308,757,-2660
3389,1425,828,-2632
3390,1177,966,-2582
3391,1324,821,-2653
3392,1434,942,-2533
3393,1413,969,-2561
3394,1214,991,-2558
3395,1366,894,-2608
3396,1284,895,-2630
3397,1360,765,-2651
3398,1388,815,-2627
3399,1263,958,-2582
3400,1246,867,-2712
3401,1298,975,-2558
3402,1286,994,-2554
3403,1409,846,-2660
3404,1354,867,-2559
3405,1254,903,-2587
3406,1284,897,-2647
3407,1466,851,-2568
3408,1399,801,-2617
3409,1403,857,-2659
3410,1212,943,-2609
3411,1270,996,-2547
3412,1338,946,-2556
3413,1459,909,-2564
3414,1331,760,-2634
3415,1316,813,-2669
3416,1445,963,-2566
3417,1286,931,-2621
3418,1261,964,-2512
3419,1312,859,-2626
3420,1400,996,-2533
3421,1380,919,-2519
3422,1229,828,-2648
3423,1246,802,-2700
3424,1247,877,-2652
3425,1291,884,-2652
3426,1192,945,-2583
3427,1197,975,-2568
3428,1322,983,-2483
3429,1254,990,-2488
3430,1254,939,-2594
3431,1468,923,-2566
3432,1199,950,-2598
3433,1264,844,-2663
3434,1276,969,-2586
3435,1406,843,-2658
3436,1353,837,-2615
3437,1316,876,-2616
3438,1262,1001,-2489
3439,1324,869,-2619
3440,1191,924,-2644
3441,1458,947,-2548
3442,1321,786,-2679
3443,1443,937,-2519
3444,1291,930,-2613
3445,1424,878,-2591
3446,1397,1006,-2515
3447,1381,877,-2618
3448,1205,888,-2656
3449,1225,834,-2698
3450,1446,819,-2625
3451,1318,855,-2616
3452,1363,889,-2585
3453,1249,894,-2606
3454,1449,871,-2591
3455,1293,1021,-2544
3456,1306,859,-2588
3457,1273,929,-2597
3458,1265,980,-2506
3459,1447,946,-2549
3460,1271,872,-2624
3461,1164,926,-2611
3462,1395,795,-2654
3463,1313,798,-2694
3464,1386,921,-2550
3465,1244,872,-2632
3466,1242,918,-2579
3467,1253,956,-2573
3468,1357,922,-2572
3469,1259,874,-2617
3470,1199,984,-2546
3471,1279,896,-2645
3472,1424,863,-2620
3473,1404,1005,-2516
3474,1360,822,-2614
3475,1399,985,-2562
3476,1174,931,-2629
3477,1265,884,-2606
3478,1308,781,-2643
3479,1408,888,-2599
3480,1355,940,-2561
3481,1384,1017,-2517
3482,1171,962,-2571
3483,1352,877,-2569
3484,1359,831,-2588
3485,1249,814,-2708
3486,1444,875,-2564
3487,1311,937,-2583
3488,1389,925,-2525
3489,1446,954,-2535
3490,1236,871,-2666
3491,1287,852,-2666
3492,1440,836,-2617
3493,1337,902,-2588
3494,1454,859,-2553
3495,1419,855,-2616
3496,1433,919,-2530
3497,1363,869,-2606
3498,1334,831,-2588
3499,1326,802,-2634
3500,1321,974,-2582
3501,1215,954,-2564
3502,1357,957,-2532
3503,1192,879,-2662
3504,1411,804,-2628
3505,1209,1001,-2587
3506,1354,975,-2484
3507,1326,835,-2608
3508,1389,788,-2639
3509,1425,848,-2637
3510,1388,824,-2644
3511,1365,773,-2657
3512,1281,879,-2628
3513,1319,1004,-2516
3514,1400,946,-2545
3515,1370,868,-2624
3516,1165,949,-2603
3517,1344,924,-2599
3518,1387,896,-2571
3519,1228,905,-2599
3520,1388,919,-2512
3521,1202,901,-2615
3522,1265,869,-2627
3523,1431,816,-2641
3524,1317,956,-2571
3525,1199,850,-2690
3526,1351,878,-2595
3527,1246,796,-2696
3528,1357,759,-2632
3529,1391,835,-2623
3530,1227,912,-2629
3531,1271,950,-2526
3532,1425,826,-2588
3533,1318,903,-2562
3534,1455,925,-2526
3535,1309,953,-2548
3536,1429,923,-2559
3537,1393,775,-2639
3538,1386,792,-2629
3539,1273,793,-2683
3540,1402,847,-2646
3541,1219,915,-2657
3542,1267,973,-2489
3543,1303,899,-2609
3544,1244,951,-2567
3545,1409,968,-2523
3546,1241,1003,-2580
3547,1381,776,-2662
3548,1200,935,-2581
3549,1219,922,-2646
3550,1256,909,-2586
3551,1359,809,-2609
3552,1335,871,-2582
3553,1357,893,-2584
3554,1397,936,-2489
3555,1385,965,-2584
3556,1398,1000,-2511
3557,1244,928,-2606
3558,1297,944,-2654
3559,1387,986,-2516
3560,1391,966,-2530
3561,1382,996,-2563
3562,1201,953,-2558
3563,1355,915,-2532
3564,1223,963,-2577
3565,1385,977,-2533
3566,1320,1015,-2561
3567,1352,820,-2643
3568,1295,1000,-2532
3569,1390,787,-2631
3570,1434,951,-2544
3571,1346,959,-2540
3572,1221,847,-2698
3573,1261,895,-2611
3574,1175,923,-2642
3575,1331,971,-2495
3576,1321,963,-2579
3577,1379,959,-2554
3578,1198,889,-2666
3579,1233,899,-2600
3580,1370,879,-2596
3581,1293,803,-2704
3582,1457,862,-2561
3583,1455,913,-2569
3584,1324,1011,-2536
3585,1219,906,-2612
3586,1439,822,-2643
3587,1290,850,-2673
3588,1336,976,-2486
3589,1223,881,-2630
3590,1215,884,-2644
3591,1232,952,-2600
3592,1210,854,-2677
3593,1204,911,-2625
3594,1246,901,-2671
3595,1207,870,-2649
3596,1250,906,-2610
3597,1288,851,-2662
3598,1200,872,-2687
3599,1380,951,-2585
3600,1396,937,-2556
3601,1295,1002,-2527
3602,1272,794,-2706
3603,1234,919,-2619
3604,1274,823,-2675
3605,1301,883,-2591
3606,1203,858,-2647
3607,1416,864,-2673
3608,1449,837,-2581
3609,1418,849,-2657
3610,1362,801,-2607
3611,1257,892,-2577
3612,1293,920,-2637
3613,1261,954,-2577
3614,1388,807,-2699
3615,1275,955,-2579
3616,1308,831,-2608
3617,1360,867,-2595
3618,1351,903,-2560
3619,1313,951,-2518
3620,1304,802,-2659
3621,1224,886,-2673
3622,1347,942,-2532
3623,1427,888,-2589
3624,1287,1040,-2533
3625,1337,866,-2595
3626,1319,965,-2510
3627,1231,991,-2579
3628,1433,838,-2623
3629,1390,978,-2528
3630,1209,927,-2642
3631,1375,935,-2569
3632,1215,934,-2643
3633,1317,780,-2657
3634,1265,794,-2685
3635,1232,1001,-2554
3636,1209,973,-2561
3637,1419,855,-2619
3638,1320,776,-2664
3639,1365,988,-2501
3640,1352,775,-2626
3641,1393,929,-2571
3642,1318,984,-2526
3643,1432,881,-2536
3644,1424,929,-2567
3645,1264,807,-2672
3646,1372,789,-2642
3647,1354,1006,-2528
3648,1243,805,-2685
3649,1244,1006,-2519
3650,1285,925,-2602
3651,1237,839,-2696
3652,1425,953,-2571
3653,1417,941,-2525
3654,1243,895,-2666
3655,1407,901,-2546
3656,1368,911,-2494
3657,1320,944,-2566
3658,1174,868,-2657
3659,1235,854,-2696
3660,1237,847,-2658
3661,1415,954,-2553
3662,1203,877,-2640
3663,1353,780,-2639
3664,1251,797,-2697
3665,1336,971,-2547
3666,1187,959,-2596
3667,1427,880,-2565
3668,1260,931,-2557
3669,1263,860,-2636
3670,1358,956,-2564
3671,1215,907,-2649
3672,1388,826,-2622
3673,1292,1005,-2550
3674,1313,915,-2614
3675,1355,864,-2609
3676,1416,948,-2585
3677,1262,952,-2582
3678,1201,960,-2589
3679,1360,975,-2537
3680,1300,790,-2670
3681,1426,871,-2585
3682,1240,805,-2680
3683,1305,826,-2647
3684,1317,1036,-2524
3685,1302,997,-2584
3686,1230,893,-2638
3687,1397,780,-2642
3688,1213,981,-2560
3689,1376,872,-2575
3690,1346,761,-2646
3691,1204,982,-2530
3692,1257,888,-2585
3693,1213,952,-2572
3694,1245,935,-2605
3695,1404,796,-2662
3696,1416,998,-2556
3697,1270,930,-2594
3698,1408,820,-2656
3699,1374,809,-2594
3700,1266,928,-2573
3701,1268,1009,-2518
3702,1330,1017,-2493
3703,1453,905,-2537
3704,1315,873,-2583
3705,1241,893,-2650
3706,1243,898,-2657
3707,1211,921,-2661
3708,1240,918,-2590
3709,1437,830,-2621
3710,1329,908,-2566
3711,1359,941,-2566
3712,1306,910,-2640
3713,1437,942,-2560
3714,1338,778,-2668
3715,1430,948,-2545
3716,1355,1011,-2517
3717,1173,952,-2545
3718,1282,1001,-2547
3719,1409,786,-2655
3720,1267,900,-2608
3721,1177,925,-2554
3722,1204,916,-2617
3723,1244,857,-2685
3724,1252,987,-2530
3725,1375,877,-2573
3726,1329,981,-2464
3727,1246,996,-2595
3728,1392,947,-2560
3729,1354,868,-2580
3730,1459,867,-2610
3731,1375,844,-2647
3732,1314,934,-2542
3733,1254,952,-2579
3734,1414,863,-2673
3735,1316,885,-2639
3736,1236,897,-2692
3737,1326,993,-2506
3738,1343,772,-2663
3739,1202,977,-2600
3740,1415,995,-2558
3741,1357,926,-2561
3742,1214,874,-2675
3743,1202,862,-2646
3744,1219,918,-2601
3745,1253,915,-2607
3746,1401,903,-2596
3747,1353,825,-2610
3748,1419,844,-2650
3749,1332,752,-2627
3750,1406,797,-2654
3751,1210,982,-2617
3752,1409,841,-2629
3753,1415,808,-2663
3754,1234,829,-2663
3755,1166,911,-2640
3756,1385,783,-2660
3757,1238,828,-2688
3758,1243,893,-2658
3759,1243,859,-2665
3760,1376,860,-2584
3761,1386,854,-2611
3762,1426,913,-2537
3763,1315,916,-2579
3764,1384,989,-2489
3765,1371,1007,-2504
3766,1255,853,-2647
3767,1305,904,-2556
3768,1391,896,-2602
3769,1219,909,-2610
3770,1261,960,-2549
3771,1365,941,-2570
3772,1306,807,-2628
3773,1227,973,-2567
3774,1300,941,-2595
3775,1228,925,-2624
3776,1305,884,-2610
3777,1369,877,-2551
3778,1431,850,-2553
3779,1271,966,-2573
3780,1406,983,-2555
3781,1326,947,-2514
3782,1322,782,-2668
3783,1273,931,-2574
3784,1326,973,-2520
3785,1418,915,-2529
3786,1206,879,-2653
3787,1191,939,-2621
3788,1433,825,-2671
3789,1339,934,-2565
3790,1302,856,-2615
3791,1341,847,-2605
3792,1247,940,-2576
3793,1231,862,-2637
3794,1307,994,-2500
3795,1348,844,-2616
3796,1381,879,-2611
3797,1438,886,-2543
3798,1431,900,-2563
3799,1238,878,-2631
3800,1357,871,-2605
3801,1436,848,-2598
3802,1239,988,-2574
3803,1246,833,-2681
3804,1329,900,-2509
3805,1275,938,-2610
3806,1261,836,-2654
3807,1382,774,-2661
3808,1307,933,-2617
3809,1402,963,-2567
3810,1394,854,-2600
3811,1352,799,-2638
3812,1325,886,-2595
3813,1377,908,-2593
3814,1191,852,-2632
3815,1231,957,-2571
3816,1327,849,-2606
3817,1274,940,-2580
3818,1276,1029,-2539
3819,1336,837,-2617
3820,1401,909,-2596
3821,1358,802,-2641
3822,1307,844,-2653
3823,1346,766,-2673
3824,1334,930,-2552
3825,1351,915,-2557
3826,1273,987,-2529
3827,1243,875,-2670
3828,1420,816,-2648
3829,1324,873,-2611
3830,1376,911,-2522
3831,1385,967,-2531
3832,1451,973,-2562
3833,1254,805,-2669
3834,1236,851,-2699
3835,1323,785,-2654
3836,1233,837,-2662
3837,1232,931,-2619
3838,1201,932,-2602
3839,1309,821,-2681
3840,1360,821,-2641
3841,1353,921,-2580
3842,1428,928,-2540
3843,1335,969,-2539
3844,1434,826,-2606
3845,1316,1030,-2523
3846,1357,897,-2571
3847,1315,954,-2519
3848,1417,918,-2575
3849,1366,963,-2564
3850,1424,975,-2546
3851,1224,863,-2669
3852,1208,876,-2632
3853,1351,1015,-2493
3854,1210,882,-2647
3855,1200,866,-2627
3856,1390,912,-2549
3857,1354,876,-2567
3858,1340,938,-2559
3859,1219,861,-2673
3860,1228,819,-2676
3861,1264,801,-2651
3862,1355,942,-2572
3863,1310,865,-2606
3864,1343,814,-2645
3865,1287,896,-2638
3866,1396,950,-2544
3867,1366,824,-2613
3868,1235,884,-2687
3869,1337,953,-2540
3870,1224,964,-2570
3871,1265,893,-2578
3872,1213,967,-2635
3873,1250,919,-2618
3874,1396,999,-2538
3875,1435,905,-2508
3876,1397,870,-2572
3877,1274,868,-2646
3878,1346,944,-2500
3879,1457,905,-2527
3880,1223,984,-2571
3881,1379,919,-2591
3882,1224,983,-2542
3883,1410,808,-2649
3884,1240,989,-2508
3885,1458,886,-2593
3886,1387,784,-2651
3887,1173,944,-2606
3888,1287,809,-2703
3889,1402,930,-2587
3890,1372,933,-2596
3891,1338,775,-2674
3892,1231,830,-2703
3893,1369,973,-2505
3894,1244,897,-2644
3895,1419,829,-2683
3896,1224,870,-2705
3897,1375,968,-2564
3898,1316,830,-2628
3899,1248,874,-2652
3900,1211,975,-2540
3901,1352,945,-2566
3902,1268,984,-2475
3903,1208,988,-2599
3904,1444,821,-2635
3905,1277,881,-2639
3906,1394,835,-2652
3907,1290,940,-2601
3908,1310,783,-2650
3909,1409,856,-2603
3910,1230,1006,-2566
3911,1198,945,-2590
3912,1377,898,-2622
3913,1210,825,-2679
3914,1168,917,-2645
3915,1399,842,-2654
3916,1309,963,-2551
3917,1374,922,-2570
3918,1211,940,-2603
3919,1444,922,-2550
3920,1448,835,-2632
3921,1372,940,-2560
3922,1412,820,-2663
3923,1287,831,-2696
3924,1350,836,-2592
3925,1321,987,-2500
3926,1256,972,-2501
3927,1460,843,-2564
3928,1402,884,-2609
3929,1373,897,-2569
3930,1219,933,-2612
3931,1300,913,-2586
3932,1429,805,-2605
3933,1404,870,-2629
3934,1379,887,-2590
3935,1381,978,-2478
3936,1413,808,-2641
3937,1450,812,-2601
3938,1407,902,-2616
3939,1394,934,-2596
3940,1369,922,-2576
3941,1286,979,-2566
3942,1346,842,-2615
3943,1205,955,-2618
3944,1406,918,-2611
3945,1303,867,-2593
3946,1214,930,-2575
3947,1239,914,-2583
3948,1437,800,-2616
3949,1259,862,-2648
3950,1173,930,-2628
3951,1210,996,-2605
3952,1377,948,-2515
3953,1324,879,-2645
3954,1434,909,-2551
3955,1252,950,-2518
3956,1264,963,-2519
3957,1298,990,-2597
3958,1345,897,-2591
3959,1291,925,-2616
3960,1263,972,-2493
3961,1443,904,-2556
3962,1247,940,-2649
3963,1334,769,-2642
3964,1203,990,-2569
3965,1346,898,-2538
3966,1338,1014,-2488
3967,1259,973,-2476
3968,1402,898,-2635
3969,1388,827,-2627
3970,1339,880,-2575
3971,1215,975,-2551
3972,1394,824,-2601
3973,1249,980,-2503
3974,1339,986,-2544
3975,1314,851,-2603
3976,1423,993,-2542
3977,1332,794,-2605
3978,1328,888,-2551
3979,1372,982,-2545
3980,1262,881,-2655
3981,1308,820,-2716
3982,1230,934,-2684
3983,1349,923,-2621
3984,1254,972,-2642
3985,1251,909,-2626
3986,1381,889,-2633
3987,1186,952,-2639
3988,1271,1001,-2544
3989,1356,791,-2650
3990,1386,987,-2609
3991,1333,922,-2675
3992,1328,902,-2651
3993,1380,869,-2709
3994,1399,981,-2619
3995,1363,855,-2653
3996,1349,933,-2743
3997,1346,948,-2687
3998,1303,895,-2715
3999,1380,1026,-2542
